entity,hgncid,analysis2,chrom,th_pos,th_ref,th_alt,mesh,entrez
ENSG00000065613,SLK,GSK500KV3lin_M2W_bph_benign_prostatic_hypertrophy,10,105668179,C,CTT,D011470,9748
ENSG00000003756,RBM5,GSK500KV3lin_M2W_osteoarthritis,3,50022049,G,A,D010003,10181
ENSG00000004534,RBM6,GSK500KV3lin_M2W_asthma,3,50176259,A,AG,D001249,10180
ENSG00000001617,SEMA3F,GSK500KV3lin_M2W_osteoarthritis,3,50022049,G,A,D010003,6405
ENSG00000005108,THSD7A,GSK500KV3lin_M2W_glaucoma,7,11677452,A,G,D005901,221981
ENSG00000004975,DVL2,GSK500KV3lin_M2W_high_cholesterol,17,7069412,G,A,D050171,1856
ENSG00000005249,PRKAR2B,GSK500KV3lin_M2W_hypertension,7,106412082,G,A,D006973,5577
ENSG00000001617,SEMA3F,GSK500KV3lin_M2W_asthma,3,50176259,A,AG,D001249,6405
ENSG00000004534,RBM6,GSK500KV3lin_M2W_osteoarthritis,3,50022049,G,A,D010003,10180
ENSG00000004777,ARHGAP33,GSK500KV3lin_M2W_cholelithiasisgall_stones,19,36038390,A,G,D002769,115703
ENSG00000003249,DBNDD1,GSK500KV3lin_M2W_hypertension,16,89700881,G,A,D006973,79007
ENSG00000005471,ABCB4,GSK500KV3lin_M2W_bile_duct_disease,7,87117873,T,TAA,D002769,5244
ENSG00000005471,ABCB4,GSK500KV3lin_M2W_cholelithiasisgall_stones,7,87133366,T,C,D002769,5244
ENSG00000005961,ITGA2B,GSK500KV3lin_M2W_osteoporosis,17,41798194,G,A,D010024,3674
ENSG00000007237,GAS7,GSK500KV3lin_M2W_glaucoma,17,10031090,C,T,D005901,8522
ENSG00000013810,TACC3,GSK500KV3lin_M2W_osteoarthritis,4,1662431,C,T,D010003,10460
ENSG00000008083,JARID2,GSK500KV3lin_M2W_hypertension,6,15479363,G,A,D006973,3720
ENSG00000015520,NPC1L1,GSK500KV3lin_M2W_high_cholesterol,7,44581986,T,C,D050171,29881
ENSG00000010704,HFE,GSK500KV3lin_M2W_hypertension,6,26082220,A,G,D006973,3077
ENSG00000011021,CLCN6,GSK500KV3lin_M2W_hypertension,1,11880731,G,T,D006973,1185
ENSG00000017373,SRCIN1,GSK500KV3lin_M2W_diabetes,17,36099840,C,T,D003920,80725
ENSG00000014123,UFL1,GSK500KV3lin_M2W_migraine,6,97059769,A,C,D008881,23376
ENSG00000017373,SRCIN1,GSK500KV3lin_M2W_type_2_diabetes,17,36099952,T,A,D003924,80725
ENSG00000012779,ALOX5,GSK500KV3lin_M2W_bile_duct_disease,10,45952745,T,A,D002769,240
ENSG00000014123,UFL1,GSK500KV3lin_M2W_hypertension,6,97067047,C,T,D006973,23376
ENSG00000029534,ANK1,GSK500KV3lin_M2W_diabetes,8,41508577,C,A,D003920,286
ENSG00000016864,GLT8D1,GSK500KV3lin_M2W_cataract,3,52563718,C,T,D002386,55830
ENSG00000026508,CD44,GSK500KV3lin_M2W_uterine_fibroids,11,35074966,C,A,D007889,960
ENSG00000012779,ALOX5,GSK500KV3lin_M2W_cholelithiasisgall_stones,10,45952745,T,A,D002769,240
ENSG00000049323,LTBP1,GSK500KV3lin_M2W_osteoarthritis,2,33461375,A,G,D010003,4052
ENSG00000041357,PSMA4,GSK500KV3lin_M2W_emphysemachronic_bronchitis,15,78911181,T,C,D029481,5685
ENSG00000033867,SLC4A7,GSK500KV3lin_M2W_hypertension,3,27562988,C,T,D006973,9497
ENSG00000047849,MAP4,GSK500KV3lin_M2W_hypertension,3,48182589,T,C,D006973,4134
ENSG00000023892,DEF6,GSK500KV3lin_M2W_asthma,6,35138373,G,A,D001249,50619
ENSG00000029534,ANK1,GSK500KV3lin_M2W_type_2_diabetes,8,41519462,A,G,D003924,286
ENSG00000058091,CDK14,GSK500KV3lin_M2W_rheumatoid_arthritis,7,90800219,C,G,D001172,5218
ENSG00000047621,C12orf4,GSK500KV3lin_M2W_migraine,12,4525764,T,G,D008881,57102
ENSG00000038532,CLEC16A,GSK500KV3lin_M2W_hayfeverallergic_rhinitis,16,11221287,A,G,D006255,23274
ENSG00000038532,CLEC16A,GSK500KV3lin_M2W_eczemadermatitis,16,11223454,C,G,D003876,23274
ENSG00000043591,ADRB1,GSK500KV3lin_M2W_hypertension,10,115805056,G,C,D006973,153
ENSG00000049656,CLPTM1L,GSK500KV3lin_M2W_bph_benign_prostatic_hypertrophy,5,1337906,A,T,D011470,81037
ENSG00000038532,CLEC16A,GSK500KV3lin_M2W_asthma,16,11225064,C,G,D001249,23274
ENSG00000049656,CLPTM1L,GSK500KV3lin_M2W_enlarged_prostate,5,1337070,T,C,D011470,81037
ENSG00000041880,PARP3,GSK500KV3lin_M2W_pancreatitis,3,52030995,T,TG,D010195,10039
ENSG00000054523,KIF1B,GSK500KV3lin_M2W_asthma,1,10441978,T,C,D001249,23095
ENSG00000056558,TRAF1,GSK500KV3lin_M2W_bph_benign_prostatic_hypertrophy,9,123715287,T,C,D011470,7185
ENSG00000065029,ZNF76,GSK500KV3lin_M2W_asthma,6,35138373,G,A,D001249,7629
ENSG00000054282,SDCCAG8,GSK500KV3lin_M2W_hypertension,1,243421494,T,TA,D006973,10806
ENSG00000049656,CLPTM1L,GSK500KV3lin_M2W_prostate_problem_not_cancer,5,1336459,T,C,D011469,81037
ENSG00000064393,HIPK2,GSK500KV3lin_M2W_hypertension,7,139462493,A,G,D006973,28996
ENSG00000060642,PIGV,GSK500KV3lin_M2W_hypertension,1,27173390,A,AT,D006973,55650
ENSG00000064932,SBNO2,GSK500KV3lin_M2W_psoriasis,19,1109907,T,C,D011565,22904
ENSG00000065613,SLK,GSK500KV3lin_M2W_prostate_problem_not_cancer,10,105668179,C,CTT,D011469,9748
ENSG00000060642,PIGV,GSK500KV3lin_M2W_high_cholesterol,1,26987646,A,G,D050171,55650
ENSG00000065361,ERBB3,GSK500KV3lin_M2W_hayfeverallergic_rhinitis,12,56455294,C,T,D006255,2065
ENSG00000068028,RASSF1,GSK500KV3lin_M2W_asthma,3,50176259,A,AG,D001249,11186
ENSG00000065361,ERBB3,GSK500KV3lin_M2W_nasal_polyps,12,56435504,G,C,D009298,2065
ENSG00000066084,DIP2B,GSK500KV3lin_M2W_hypertension,12,50558782,C,CT,D006973,57609
ENSG00000065675,PRKCQ,GSK500KV3lin_M2W_asthma,10,6093139,C,T,D001249,5588
ENSG00000072682,P4HA2,GSK500KV3lin_M2W_nasal_polyps,5,131710399,A,C,D009298,8974
ENSG00000070961,ATP2B1,GSK500KV3lin_M2W_hypertension,12,89963058,G,A,D006973,490
ENSG00000070756,PABPC1,GSK500KV3lin_M2W_hypertension,8,101676642,T,C,D006973,26986
ENSG00000073060,SCARB1,GSK500KV3lin_M2W_high_cholesterol,12,125303282,T,C,D050171,949
ENSG00000068078,FGFR3,GSK500KV3lin_M2W_osteoarthritis,4,1662431,C,T,D010003,2261
ENSG00000073792,IGF2BP2,GSK500KV3lin_M2W_type_2_diabetes,3,185523853,G,A,D003924,10644
ENSG00000073605,GSDMB,GSK500KV3lin_M2W_asthma,17,38061439,T,C,D001249,55876
ENSG00000070366,SMG6,GSK500KV3lin_M2W_angina,17,1966252,A,G,D000787,23293
ENSG00000074755,ZZEF1,GSK500KV3lin_M2W_type_2_diabetes,17,4001535,CAA,C,D003924,23140
ENSG00000076984,MAP2K7,GSK500KV3lin_M2W_type_2_diabetes,19,7976529,T,C,D003924,5609
ENSG00000078814,MYH7B,GSK500KV3lin_M2W_deep_venous_thrombosis_dvt,20,33724557,GAA,G,D020246,57644
ENSG00000074755,ZZEF1,GSK500KV3lin_M2W_hypertension,17,3980493,T,A,D006973,23140
ENSG00000073861,TBX21,GSK500KV3lin_M2W_hypertension,17,45013271,T,C,D006973,30009
ENSG00000078668,VDAC3,GSK500KV3lin_M2W_type_2_diabetes,8,41519462,A,G,D003924,7419
ENSG00000079459,FDFT1,GSK500KV3lin_M2W_bile_duct_disease,8,11516594,T,C,D002769,2222
ENSG00000100991,TRPC4AP,GSK500KV3lin_M2W_pulmonary_embolism_dvt,20,33756333,CA,C,D011655,26133
ENSG00000077063,CTTNBP2,GSK500KV3lin_M2W_glaucoma,7,117613319,CTTT,C,D005901,83992
ENSG00000080644,CHRNA3,GSK500KV3lin_M2W_chronic_obstructive_airways_diseasecopd,15,78817929,C,T,D029424,1136
ENSG00000076984,MAP2K7,GSK500KV3lin_M2W_diabetes,19,7976529,T,C,D003920,5609
ENSG00000073792,IGF2BP2,GSK500KV3lin_M2W_diabetes,3,185506857,T,G,D003920,10644
ENSG00000082497,SERTAD4,GSK500KV3lin_M2W_high_cholesterol,1,210302043,T,C,D050171,56256
ENSG00000078369,GNB1,GSK500KV3lin_M2W_hypertension,1,1819821,A,AG,D006973,2782
ENSG00000085662,AKR1B1,GSK500KV3lin_M2W_hypertension,7,134143958,G,A,D006973,231
ENSG00000086288,NME8,GSK500KV3lin_M2W_osteoporosis,7,38142840,G,A,D010024,51314
ENSG00000078668,VDAC3,GSK500KV3lin_M2W_diabetes,8,41508577,C,A,D003920,7419
ENSG00000078814,MYH7B,GSK500KV3lin_M2W_pulmonary_embolism_dvt,20,33756333,CA,C,D011655,57644
ENSG00000085274,MYNN,GSK500KV3lin_M2W_uterine_fibroids,3,169476991,CAA,C,D007889,55892
ENSG00000084674,APOB,GSK500KV3lin_M2W_high_cholesterol,2,21263900,G,A,D050171,338
ENSG00000080644,CHRNA3,GSK500KV3lin_M2W_emphysemachronic_bronchitis,15,78911181,T,C,D029481,1136
ENSG00000088298,EDEM2,GSK500KV3lin_M2W_pulmonary_embolism_dvt,20,33756333,CA,C,D011655,55741
ENSG00000079459,FDFT1,GSK500KV3lin_M2W_cholelithiasisgall_stones,8,11522353,G,A,D002769,2222
ENSG00000091137,SLC26A4,GSK500KV3lin_M2W_high_cholesterol,7,106946195,C,G,D050171,5172
ENSG00000089094,KDM2B,GSK500KV3lin_M2W_hypertension,12,121900819,CA,C,D006973,84678
ENSG00000089597,GANAB,GSK500KV3lin_M2W_asthma,11,61575807,CA,C,D001249,23193
ENSG00000092929,UNC13D,GSK500KV3lin_M2W_hypertension,17,73953404,T,C,D006973,201294
ENSG00000089902,RCOR1,GSK500KV3lin_M2W_asthma,14,103222323,G,A,D001249,23186
ENSG00000095596,CYP26A1,GSK500KV3lin_M2W_high_cholesterol,10,94772638,A,C,D050171,1592
ENSG00000099385,BCL7C,GSK500KV3lin_M2W_nasal_polyps,16,30613095,C,CTATATA,D009298,9274
ENSG00000099365,STX1B,GSK500KV3lin_M2W_hypertension,16,31115259,T,A,D006973,112755
ENSG00000090621,PABPC4,GSK500KV3lin_M2W_diabetes,1,40065855,GT,G,D003920,8761
ENSG00000092054,MYH7,GSK500KV3lin_M2W_contact_dermatitis,14,23165703,G,A,D003877,4625
ENSG00000091140,DLD,GSK500KV3lin_M2W_ulcerative_colitis,7,107490878,C,T,D003093,1738
ENSG00000099377,HSD3B7,GSK500KV3lin_M2W_nasal_polyps,16,30613095,C,CTATATA,D009298,80270
ENSG00000099282,TSPAN15,GSK500KV3lin_M2W_deep_venous_thrombosis_dvt,10,71218646,G,C,D020246,23555
ENSG00000090621,PABPC4,GSK500KV3lin_M2W_type_2_diabetes,1,40035928,G,T,D003924,8761
ENSG00000095321,CRAT,GSK500KV3lin_M2W_asthma,9,131483551,T,A,D001249,1384
ENSG00000100413,POLR3H,GSK500KV3lin_M2W_asthma,22,42026493,C,CT,D001249,171568
ENSG00000100201,DDX17,GSK500KV3lin_M2W_cholelithiasisgall_stones,22,39129708,G,A,D002769,10521
ENSG00000099377,HSD3B7,GSK500KV3lin_M2W_hypertension,16,31115259,T,A,D006973,80270
ENSG00000100211,CBY1,GSK500KV3lin_M2W_cholelithiasisgall_stones,22,39129708,G,A,D002769,25776
ENSG00000092929,UNC13D,GSK500KV3lin_M2W_high_cholesterol,17,73778609,C,G,D050171,201294
ENSG00000099331,MYO9B,GSK500KV3lin_M2W_hypertension,19,17219105,G,A,D006973,4650
ENSG00000099889,ARVCF,GSK500KV3lin_M2W_hypertension,22,19960184,C,G,D006973,421
ENSG00000099282,TSPAN15,GSK500KV3lin_M2W_pulmonary_embolism_dvt,10,71211734,G,A,D011655,23555
ENSG00000100417,PMM1,GSK500KV3lin_M2W_asthma,22,42026493,C,CT,D001249,5372
ENSG00000100221,JOSD1,GSK500KV3lin_M2W_cholelithiasisgall_stones,22,39129708,G,A,D002769,9929
ENSG00000100242,SUN2,GSK500KV3lin_M2W_cholelithiasisgall_stones,22,39129708,G,A,D002769,25777
ENSG00000100890,KIAA0391,GSK500KV3lin_M2W_eczemadermatitis,14,35550121,T,C,D003876,9692
ENSG00000100991,TRPC4AP,GSK500KV3lin_M2W_deep_venous_thrombosis_dvt,20,33724557,GAA,G,D020246,26133
ENSG00000100216,TOMM22,GSK500KV3lin_M2W_cholelithiasisgall_stones,22,39129708,G,A,D002769,56993
ENSG00000101187,SLCO4A1,GSK500KV3lin_M2W_bph_benign_prostatic_hypertrophy,20,61041653,G,C,D011470,28231
ENSG00000100226,GTPBP1,GSK500KV3lin_M2W_cholelithiasisgall_stones,22,39129708,G,A,D002769,9567
ENSG00000101246,ARFRP1,GSK500KV3lin_M2W_eczemadermatitis,20,62381979,C,T,D003876,10139
ENSG00000101019,UQCC1,GSK500KV3lin_M2W_osteoarthritis,20,33986566,G,C,D010003,55245
ENSG00000102935,ZNF423,GSK500KV3lin_M2W_hypertension,16,49774755,G,A,D006973,23090
ENSG00000101000,PROCR,GSK500KV3lin_M2W_deep_venous_thrombosis_dvt,20,33724557,GAA,G,D020246,10544
ENSG00000100890,KIAA0391,GSK500KV3lin_M2W_psoriasis,14,35855706,G,T,D011565,9692
ENSG00000101216,GMEB2,GSK500KV3lin_M2W_eczemadermatitis,20,62381979,C,T,D003876,26205
ENSG00000101189,MRGBP,GSK500KV3lin_M2W_inflammatory_bowel_disease,20,62281505,G,C,D015212,55257
ENSG00000101000,PROCR,GSK500KV3lin_M2W_pulmonary_embolism_dvt,20,33756333,CA,C,D011655,10544
ENSG00000101216,GMEB2,GSK500KV3lin_M2W_asthma,20,62322699,A,G,D001249,26205
ENSG00000100991,TRPC4AP,GSK500KV3lin_M2W_osteoarthritis,20,33986566,G,C,D010003,26133
ENSG00000103507,BCKDK,GSK500KV3lin_M2W_hypertension,16,31115259,T,A,D006973,10295
ENSG00000103510,KAT8,GSK500KV3lin_M2W_hypertension,16,31115259,T,A,D006973,84148
ENSG00000102908,NFAT5,GSK500KV3lin_M2W_type_2_diabetes,16,69626136,C,A,D003924,10725
ENSG00000103591,AAGAB,GSK500KV3lin_M2W_asthma,15,67441750,C,A,D001249,79719
ENSG00000103653,CSK,GSK500KV3lin_M2W_osteoarthritis,15,75086534,C,T,D010003,1445
ENSG00000102760,RGCC,GSK500KV3lin_M2W_hypertension,13,41953014,TTCAC,T,D006973,28984
ENSG00000103653,CSK,GSK500KV3lin_M2W_hypertension,15,75062397,C,T,D006973,1445
ENSG00000102908,NFAT5,GSK500KV3lin_M2W_diabetes,16,69704122,C,CTG,D003920,10725
ENSG00000103507,BCKDK,GSK500KV3lin_M2W_high_cholesterol,16,30846134,G,A,D050171,10295
ENSG00000103510,KAT8,GSK500KV3lin_M2W_high_cholesterol,16,30846134,G,A,D050171,84148
ENSG00000103549,RNF40,GSK500KV3lin_M2W_nasal_polyps,16,30613095,C,CTATATA,D009298,9810
ENSG00000103197,TSC2,GSK500KV3lin_M2W_hypertension,16,2086421,C,T,D006973,7249
ENSG00000103449,SALL1,GSK500KV3lin_M2W_hypertension,16,51762808,A,AGAT,D006973,6299
ENSG00000104140,RHOV,GSK500KV3lin_M2W_angina,15,41179776,A,T,D000787,171177
ENSG00000103522,IL21R,GSK500KV3lin_M2W_asthma,16,27365453,C,G,D001249,50615
ENSG00000105538,RASIP1,GSK500KV3lin_M2W_hypertension,19,50139932,C,T,D006973,54922
ENSG00000104490,NCALD,GSK500KV3lin_M2W_hypertension,8,102820481,A,C,D006973,83988
ENSG00000104213,PDGFRL,GSK500KV3lin_M2W_high_cholesterol,8,18269343,A,G,D050171,5157
ENSG00000105523,FAM83E,GSK500KV3lin_M2W_duodenal_ulcer,19,49206674,G,A,D004381,54854
ENSG00000105245,NUMBL,GSK500KV3lin_M2W_osteoarthritis,19,41833784,G,A,D010003,9253
ENSG00000104936,DMPK,GSK500KV3lin_M2W_cholelithiasisgall_stones,19,46384554,A,G,D002769,1760
ENSG00000104435,STMN2,GSK500KV3lin_M2W_asthma,8,81291645,G,A,D001249,11075
ENSG00000105397,TYK2,GSK500KV3lin_M2W_psoriasis,19,10463118,G,C,D011565,7297
ENSG00000105538,RASIP1,GSK500KV3lin_M2W_high_cholesterol,19,49206674,G,A,D050171,54922
ENSG00000105642,KCNN1,GSK500KV3lin_M2W_hypertension,19,17219105,G,A,D006973,3780
ENSG00000105963,ADAP1,GSK500KV3lin_M2W_high_cholesterol,7,1123778,A,G,D050171,11033
ENSG00000105677,TMEM147,GSK500KV3lin_M2W_cholelithiasisgall_stones,19,36038390,A,G,D002769,10430
ENSG00000105398,SULT2A1,GSK500KV3lin_M2W_cholelithiasisgall_stones,19,48385627,T,C,D002769,6822
ENSG00000105088,OLFM2,GSK500KV3lin_M2W_rheumatoid_arthritis,19,10463118,G,C,D001172,93145
ENSG00000106392,C1GALT1,GSK500KV3lin_M2W_hypertension,7,7211940,G,A,D006973,56913
ENSG00000105088,OLFM2,GSK500KV3lin_M2W_psoriasis,19,10463118,G,C,D011565,93145
ENSG00000105398,SULT2A1,GSK500KV3lin_M2W_bile_duct_disease,19,48374950,C,A,D002769,6822
ENSG00000105523,FAM83E,GSK500KV3lin_M2W_high_cholesterol,19,49206674,G,A,D050171,54854
ENSG00000105889,STEAP1B,GSK500KV3lin_M2W_asthma,7,22766221,A,G,D001249,256227
ENSG00000105726,ATP13A1,GSK500KV3lin_M2W_high_cholesterol,19,19393890,A,AG,D050171,57130
ENSG00000107485,GATA3,GSK500KV3lin_M2W_hayfeverallergic_rhinitis,10,9052146,GT,G,D006255,2625
ENSG00000106799,TGFBR1,GSK500KV3lin_M2W_asthma,9,101915887,C,T,D001249,7046
ENSG00000106635,BCL7B,GSK500KV3lin_M2W_high_cholesterol,7,73020301,T,C,D050171,9275
ENSG00000107960,OBFC1,GSK500KV3lin_M2W_uterine_fibroids,10,105680632,T,G,D007889,79991
ENSG00000108433,GOSR2,GSK500KV3lin_M2W_hypertension,17,45013271,T,C,D006973,9570
ENSG00000108296,CWC25,GSK500KV3lin_M2W_enlarged_prostate,17,36103149,G,A,D011470,54883
ENSG00000108753,HNF1B,GSK500KV3lin_M2W_prostate_problem_not_cancer,17,36102381,A,G,D011469,6928
ENSG00000108479,GALK1,GSK500KV3lin_M2W_high_cholesterol,17,73778609,C,G,D050171,2584
ENSG00000110888,CAPRIN2,GSK500KV3lin_M2W_cataract,12,30873116,C,T,D002386,65981
ENSG00000108753,HNF1B,GSK500KV3lin_M2W_diabetes,17,36099840,C,T,D003920,6928
ENSG00000108296,CWC25,GSK500KV3lin_M2W_bph_benign_prostatic_hypertrophy,17,36102035,G,C,D011470,54883
ENSG00000108753,HNF1B,GSK500KV3lin_M2W_type_2_diabetes,17,36099952,T,A,D003924,6928
ENSG00000110011,DNAJC4,GSK500KV3lin_M2W_hypertension,11,63869062,C,T,D006973,3338
ENSG00000108753,HNF1B,GSK500KV3lin_M2W_bph_benign_prostatic_hypertrophy,17,36102035,G,C,D011470,6928
ENSG00000108753,HNF1B,GSK500KV3lin_M2W_enlarged_prostate,17,36103149,G,A,D011470,6928
ENSG00000108344,PSMD3,GSK500KV3lin_M2W_asthma,17,38061439,T,C,D001249,5709
ENSG00000108984,MAP2K6,GSK500KV3lin_M2W_high_cholesterol,17,67081278,A,G,D050171,5608
ENSG00000108296,CWC25,GSK500KV3lin_M2W_prostate_problem_not_cancer,17,36102381,A,G,D011469,54883
ENSG00000110075,PPP6R3,GSK500KV3lin_M2W_osteoporosis,11,68187136,G,A,D010024,55291
ENSG00000109805,NCAPG,GSK500KV3lin_M2W_hypertension,4,17940040,CT,C,D006973,64151
ENSG00000111540,RAB5B,GSK500KV3lin_M2W_nasal_polyps,12,56435504,G,C,D009298,5869
ENSG00000108984,MAP2K6,GSK500KV3lin_M2W_pulmonary_embolism_dvt,17,67081278,A,G,D011655,5608
ENSG00000112214,FHL5,GSK500KV3lin_M2W_hypertension,6,97067047,C,T,D006973,9457
ENSG00000110484,SCGB2A2,GSK500KV3lin_M2W_asthma,11,61575807,CA,C,D001249,4250
ENSG00000108639,SYNGR2,GSK500KV3lin_M2W_hypertension,17,75316880,A,G,D006973,9144
ENSG00000109501,WFS1,GSK500KV3lin_M2W_diabetes,4,6301628,TTGTGTG,TTGTG,D003920,7466
ENSG00000110148,CCKBR,GSK500KV3lin_M2W_duodenal_ulcer,11,6273744,T,C,D004381,887
ENSG00000109501,WFS1,GSK500KV3lin_M2W_type_2_diabetes,4,6291003,C,G,D003924,7466
ENSG00000114209,PDCD10,GSK500KV3lin_M2W_hypertension,3,167469955,A,G,D006973,11235
ENSG00000110108,TMEM109,GSK500KV3lin_M2W_hypertension,11,61278246,T,C,D006973,79073
ENSG00000110693,SOX6,GSK500KV3lin_M2W_hypertension,11,16283183,G,GA,D006973,55553
ENSG00000113161,HMGCR,GSK500KV3lin_M2W_high_cholesterol,5,74656539,T,C,D050171,3156
ENSG00000112137,PHACTR1,GSK500KV3lin_M2W_migraine,6,12903957,A,G,D008881,221692
ENSG00000112137,PHACTR1,GSK500KV3lin_M2W_heart_attackmyocardial_infarction,6,12903957,A,G,D009203,221692
ENSG00000112182,BACH2,GSK500KV3lin_M2W_nasal_polyps,6,90838675,G,A,D009298,60468
ENSG00000112214,FHL5,GSK500KV3lin_M2W_migraine,6,97059769,A,C,D008881,9457
ENSG00000113391,FAM172A,GSK500KV3lin_M2W_enlarged_prostate,5,92460541,C,T,D011470,83989
ENSG00000112182,BACH2,GSK500KV3lin_M2W_asthma,6,90963614,A,AT,D001249,60468
ENSG00000112137,PHACTR1,GSK500KV3lin_M2W_angina,6,12903957,A,G,D000787,221692
ENSG00000112812,PRSS16,GSK500KV3lin_M2W_cataract,6,26999908,G,C,D002386,10279
ENSG00000113389,NPR3,GSK500KV3lin_M2W_hypertension,5,32832474,C,A,D006973,4883
ENSG00000111424,VDR,GSK500KV3lin_M2W_hypertension,12,48254353,T,A,D006973,7421
ENSG00000117971,CHRNB4,GSK500KV3lin_M2W_angina,15,79051759,G,A,D000787,1143
ENSG00000115216,NRBP1,GSK500KV3lin_M2W_high_cholesterol,2,27730940,T,C,D050171,29959
ENSG00000115486,GGCX,GSK500KV3lin_M2W_heart_attackmyocardial_infarction,2,85742297,A,G,D009203,2677
ENSG00000115604,IL18R1,GSK500KV3lin_M2W_nasal_polyps,2,102931826,C,G,D009298,8809
ENSG00000124120,TTPAL,GSK500KV3lin_M2W_ulcerative_colitis,20,43065028,A,C,D003093,79183
ENSG00000115216,NRBP1,GSK500KV3lin_M2W_bile_duct_disease,2,27730940,T,C,D002769,29959
ENSG00000114054,PCCB,GSK500KV3lin_M2W_high_cholesterol,3,136109512,A,G,D050171,5096
ENSG00000115216,NRBP1,GSK500KV3lin_M2W_cholelithiasisgall_stones,2,27730940,T,C,D002769,29959
ENSG00000115474,KCNJ13,GSK500KV3lin_M2W_nasal_polyps,2,233562197,T,C,D009298,3769
ENSG00000115604,IL18R1,GSK500KV3lin_M2W_eczemadermatitis,2,103014696,C,T,D003876,8809
ENSG00000114779,ABHD14B,GSK500KV3lin_M2W_pancreatitis,3,52030995,T,TG,D010195,84836
ENSG00000113742,CPEB4,GSK500KV3lin_M2W_hypertension,5,173298825,C,T,D006973,80315
ENSG00000115009,CCL20,GSK500KV3lin_M2W_asthma,2,228704721,T,C,D001249,6364
ENSG00000114054,PCCB,GSK500KV3lin_M2W_hypertension,3,136111917,G,A,D006973,5096
ENSG00000115137,DNAJC27,GSK500KV3lin_M2W_hypertension,2,25241386,T,G,D006973,51277
ENSG00000115607,IL18RAP,GSK500KV3lin_M2W_hayfeverallergic_rhinitis,2,102968867,T,TTA,D006255,8807
ENSG00000115211,EIF2B4,GSK500KV3lin_M2W_hypertension,2,26914364,C,T,D006973,8890
ENSG00000115590,IL1R2,GSK500KV3lin_M2W_asthma,2,102966549,A,G,D001249,7850
ENSG00000115607,IL18RAP,GSK500KV3lin_M2W_eczemadermatitis,2,103014696,C,T,D003876,8807
ENSG00000115825,PRKD3,GSK500KV3lin_M2W_hypertension,2,37477794,C,A,D006973,23683
ENSG00000115421,PAPOLG,GSK500KV3lin_M2W_enlarged_prostate,2,60762502,T,G,D011470,64895
ENSG00000116983,HPCAL4,GSK500KV3lin_M2W_diabetes,1,40065855,GT,G,D003920,51440
ENSG00000115828,QPCT,GSK500KV3lin_M2W_hypertension,2,37477794,C,A,D006973,25797
ENSG00000115604,IL18R1,GSK500KV3lin_M2W_asthma,2,102966549,A,G,D001249,8809
ENSG00000115694,STK25,GSK500KV3lin_M2W_hayfeverallergic_rhinitis,2,242695497,T,C,D006255,10494
ENSG00000115594,IL1R1,GSK500KV3lin_M2W_asthma,2,102966549,A,G,D001249,3554
ENSG00000115486,GGCX,GSK500KV3lin_M2W_angina,2,85767735,C,T,D000787,2677
ENSG00000115271,GCA,GSK500KV3lin_M2W_hypertension,2,162452459,G,A,D006973,25801
ENSG00000115604,IL18R1,GSK500KV3lin_M2W_hayfeverallergic_rhinitis,2,102968867,T,TTA,D006255,8809
ENSG00000115816,CEBPZ,GSK500KV3lin_M2W_hypertension,2,37477794,C,A,D006973,10153
ENSG00000116273,PHF13,GSK500KV3lin_M2W_hypertension,1,6676485,T,G,D006973,148479
ENSG00000115464,USP34,GSK500KV3lin_M2W_hypertension,2,61704451,T,C,D006973,9736
ENSG00000115233,PSMD14,GSK500KV3lin_M2W_hypertension,2,162452459,G,A,D006973,10213
ENSG00000115607,IL18RAP,GSK500KV3lin_M2W_nasal_polyps,2,102931826,C,G,D009298,8807
ENSG00000116729,WLS,GSK500KV3lin_M2W_osteoporosis,1,68635075,T,C,D010024,79971
ENSG00000114904,NEK4,GSK500KV3lin_M2W_cataract,3,52563718,C,T,D002386,6787
ENSG00000117479,SLC19A2,GSK500KV3lin_M2W_pulmonary_embolism_dvt,1,169467654,G,A,D011655,10560
ENSG00000118655,DCLRE1B,GSK500KV3lin_M2W_diabetes,1,114377568,A,G,D003920,64858
ENSG00000119919,NKX2-3,GSK500KV3lin_M2W_ulcerative_colitis,10,101282604,C,CA,D003093,159296
ENSG00000119396,RAB14,GSK500KV3lin_M2W_bph_benign_prostatic_hypertrophy,9,123715287,T,C,D011470,51552
ENSG00000118971,CCND2,GSK500KV3lin_M2W_migraine,12,4525764,T,G,D008881,894
ENSG00000116641,DOCK7,GSK500KV3lin_M2W_high_cholesterol,1,62935577,CAAA,C,D050171,85440
ENSG00000116604,MEF2D,GSK500KV3lin_M2W_migraine,1,156471998,G,T,D008881,4209
ENSG00000118655,DCLRE1B,GSK500KV3lin_M2W_rheumatoid_arthritis,1,114303808,C,A,D001172,64858
ENSG00000117479,SLC19A2,GSK500KV3lin_M2W_deep_venous_thrombosis_dvt,1,169519049,T,C,D020246,10560
ENSG00000118640,VAMP8,GSK500KV3lin_M2W_heart_attackmyocardial_infarction,2,85742297,A,G,D009203,8673
ENSG00000118785,SPP1,GSK500KV3lin_M2W_osteoporosis,4,88772876,A,AAG,D010024,6696
ENSG00000119139,TJP2,GSK500KV3lin_M2W_migraine,9,71812798,C,T,D008881,9414
ENSG00000119383,PPP2R4,GSK500KV3lin_M2W_asthma,9,131483551,T,A,D001249,5524
ENSG00000118655,DCLRE1B,GSK500KV3lin_M2W_type_1_diabetes,1,114377568,A,G,D003922,64858
ENSG00000118971,CCND2,GSK500KV3lin_M2W_diabetes,12,4384844,T,G,D003920,894
ENSG00000118640,VAMP8,GSK500KV3lin_M2W_angina,2,85767735,C,T,D000787,8673
ENSG00000117586,TNFSF4,GSK500KV3lin_M2W_asthma,1,172715702,A,G,D001249,7292
ENSG00000118971,CCND2,GSK500KV3lin_M2W_high_cholesterol,12,4384844,T,G,D050171,894
ENSG00000118526,TCF21,GSK500KV3lin_M2W_heart_attackmyocardial_infarction,6,134179681,T,TGCAGTCC,D009203,6943
ENSG00000118526,TCF21,GSK500KV3lin_M2W_hypertension,6,134184272,ATAGT,A,D006973,6943
ENSG00000118971,CCND2,GSK500KV3lin_M2W_type_2_diabetes,12,4384844,T,G,D003924,894
ENSG00000120833,SOCS2,GSK500KV3lin_M2W_osteoarthritis,12,94167220,C,T,D010003,8835
ENSG00000120337,TNFSF18,GSK500KV3lin_M2W_asthma,1,172715702,A,G,D001249,8995
ENSG00000121068,TBX2,GSK500KV3lin_M2W_hypertension,17,59476066,A,C,D006973,6909
ENSG00000123411,IKZF4,GSK500KV3lin_M2W_nasal_polyps,12,56435504,G,C,D009298,64375
ENSG00000122691,TWIST1,GSK500KV3lin_M2W_high_cholesterol,7,19049388,G,A,D050171,7291
ENSG00000123384,LRP1,GSK500KV3lin_M2W_migraine,12,57527283,T,C,D008881,4035
ENSG00000122691,TWIST1,GSK500KV3lin_M2W_angina,7,19049388,G,A,D000787,7291
ENSG00000125520,SLC2A4RG,GSK500KV3lin_M2W_asthma,20,62322699,A,G,D001249,56731
ENSG00000122870,BICC1,GSK500KV3lin_M2W_hypertension,10,60292061,GA,G,D006973,80114
ENSG00000122591,FAM126A,GSK500KV3lin_M2W_asthma,7,22766221,A,G,D001249,84668
ENSG00000124574,ABCC10,GSK500KV3lin_M2W_hypertension,6,43349308,A,C,D006973,89845
ENSG00000123411,IKZF4,GSK500KV3lin_M2W_hayfeverallergic_rhinitis,12,56455294,C,T,D006255,64375
ENSG00000125755,SYMPK,GSK500KV3lin_M2W_diabetes,19,46158156,A,G,D003920,8189
ENSG00000124120,TTPAL,GSK500KV3lin_M2W_inflammatory_bowel_disease,20,43065028,A,C,D015212,79183
ENSG00000125386,FAM193A,GSK500KV3lin_M2W_hypertension,4,2694773,G,C,D006973,8603
ENSG00000124678,TCP11,GSK500KV3lin_M2W_asthma,6,35138373,G,A,D001249,6954
ENSG00000124920,MYRF,GSK500KV3lin_M2W_cholelithiasisgall_stones,11,61592362,A,G,D002769,745
ENSG00000125520,SLC2A4RG,GSK500KV3lin_M2W_eczemadermatitis,20,62381979,C,T,D003876,56731
ENSG00000124920,MYRF,GSK500KV3lin_M2W_bile_duct_disease,11,61606642,A,G,D002769,745
ENSG00000127838,PNKD,GSK500KV3lin_M2W_high_cholesterol,2,219146882,G,C,D050171,25953
ENSG00000124813,RUNX2,GSK500KV3lin_M2W_osteoporosis,6,45396297,A,C,D010024,860
ENSG00000125304,TM9SF2,GSK500KV3lin_M2W_asthma,13,100029463,CA,C,D001249,9375
ENSG00000126561,STAT5A,GSK500KV3lin_M2W_asthma,17,40449962,G,A,D001249,6776
ENSG00000125965,GDF5,GSK500KV3lin_M2W_osteoarthritis,20,33986566,G,C,D010003,8200
ENSG00000125746,EML2,GSK500KV3lin_M2W_diabetes,19,46158156,A,G,D003920,24139
ENSG00000125991,ERGIC3,GSK500KV3lin_M2W_osteoarthritis,20,33986566,G,C,D010003,51614
ENSG00000128604,IRF5,GSK500KV3lin_M2W_rheumatoid_arthritis,7,128572766,G,A,D001172,3663
ENSG00000129351,ILF3,GSK500KV3lin_M2W_pulmonary_embolism_dvt,19,10741622,A,G,D011655,3609
ENSG00000125899,C20orf187,GSK500KV3lin_M2W_hypertension,20,10965998,G,A,D006973,728434
ENSG00000125510,OPRL1,GSK500KV3lin_M2W_high_cholesterol,20,62711459,C,T,D050171,4987
ENSG00000127324,TSPAN8,GSK500KV3lin_M2W_asthma,12,71523199,TAA,T,D001249,7103
ENSG00000129214,SHBG,GSK500KV3lin_M2W_hypertension,17,7781019,T,C,D006973,6462
ENSG00000130270,ATP8B3,GSK500KV3lin_M2W_hypertension,19,1832317,G,A,D006973,148229
ENSG00000127603,MACF1,GSK500KV3lin_M2W_diabetes,1,40065855,GT,G,D003920,23499
ENSG00000127663,KDM4B,GSK500KV3lin_M2W_hypertension,19,4980864,T,C,D006973,23030
ENSG00000129351,ILF3,GSK500KV3lin_M2W_osteoarthritis,19,10750738,T,G,D010003,3609
ENSG00000128915,NARG2,GSK500KV3lin_M2W_hypertension,15,61476936,T,C,D006973,79664
ENSG00000129911,KLF16,GSK500KV3lin_M2W_hypertension,19,1832317,G,A,D006973,83855
ENSG00000130592,LSP1,GSK500KV3lin_M2W_hypertension,11,1887068,T,G,D006973,4046
ENSG00000130595,TNNT3,GSK500KV3lin_M2W_hypertension,11,1887068,T,G,D006973,7140
ENSG00000129353,SLC44A2,GSK500KV3lin_M2W_pulmonary_embolism_dvt,19,10741622,A,G,D011655,57153
ENSG00000129933,MAU2,GSK500KV3lin_M2W_high_cholesterol,19,19393890,A,AG,D050171,23383
ENSG00000128918,ALDH1A2,GSK500KV3lin_M2W_high_cholesterol,15,58671765,G,T,D050171,8854
ENSG00000130598,TNNI2,GSK500KV3lin_M2W_type_1_diabetes,11,2181060,T,G,D003922,7136
ENSG00000134243,SORT1,GSK500KV3lin_M2W_high_cholesterol,1,109817590,G,T,D050171,6272
ENSG00000129353,SLC44A2,GSK500KV3lin_M2W_deep_venous_thrombosis_dvt,19,10741622,A,G,D020246,57153
ENSG00000129353,SLC44A2,GSK500KV3lin_M2W_osteoarthritis,19,10750738,T,G,D010003,57153
ENSG00000130584,ZBTB46,GSK500KV3lin_M2W_hypertension,20,62475603,C,T,D006973,140685
ENSG00000130700,GATA5,GSK500KV3lin_M2W_enlarged_prostate,20,61041653,G,C,D011470,140628
ENSG00000130584,ZBTB46,GSK500KV3lin_M2W_type_2_diabetes,20,62447327,A,G,D003924,140685
ENSG00000137073,UBAP2,GSK500KV3lin_M2W_hypertension,9,34252466,GCTAA,G,D006973,55833
ENSG00000130700,GATA5,GSK500KV3lin_M2W_bph_benign_prostatic_hypertrophy,20,61041653,G,C,D011470,140628
ENSG00000130584,ZBTB46,GSK500KV3lin_M2W_eczemadermatitis,20,62381979,C,T,D003876,140685
ENSG00000130413,STK33,GSK500KV3lin_M2W_hypertension,11,8632456,C,T,D006973,65975
ENSG00000131351,HAUS8,GSK500KV3lin_M2W_hypertension,19,17219105,G,A,D006973,93323
ENSG00000131507,NDFIP1,GSK500KV3lin_M2W_asthma,5,141467856,C,A,D001249,80762
ENSG00000132510,KDM6B,GSK500KV3lin_M2W_hypertension,17,7781019,T,C,D006973,23135
ENSG00000130598,TNNI2,GSK500KV3lin_M2W_type_2_diabetes,11,2857194,A,C,D003924,7136
ENSG00000131409,LRRC4B,GSK500KV3lin_M2W_sclerodermasystemic_sclerosis,19,52001143,A,C,D012595,94030
ENSG00000131165,CHMP1A,GSK500KV3lin_M2W_osteoarthritis,16,89704365,G,C,D010003,5119
ENSG00000132793,LPIN3,GSK500KV3lin_M2W_high_cholesterol,20,39179822,G,C,D050171,64900
ENSG00000131435,PDLIM4,GSK500KV3lin_M2W_nasal_polyps,5,131710399,A,C,D009298,8572
ENSG00000134250,NOTCH2,GSK500KV3lin_M2W_diabetes,1,120455310,A,G,D003920,4853
ENSG00000135100,HNF1A,GSK500KV3lin_M2W_bile_duct_disease,12,121419056,T,C,D002769,6927
ENSG00000134222,PSRC1,GSK500KV3lin_M2W_heart_attackmyocardial_infarction,1,109821797,G,A,D009203,84722
ENSG00000134825,TMEM258,GSK500KV3lin_M2W_bile_duct_disease,11,61606642,A,G,D002769,746
ENSG00000135100,HNF1A,GSK500KV3lin_M2W_high_cholesterol,12,121416988,A,G,D050171,6927
ENSG00000134222,PSRC1,GSK500KV3lin_M2W_angina,1,109818306,G,T,D000787,84722
ENSG00000132471,WBP2,GSK500KV3lin_M2W_high_cholesterol,17,73778609,C,G,D050171,23558
ENSG00000133103,COG6,GSK500KV3lin_M2W_uterine_fibroids,13,40723944,G,A,D007889,57511
ENSG00000135439,AGAP2,GSK500KV3lin_M2W_migraine,12,57527283,T,C,D008881,116986
ENSG00000133704,IPO8,GSK500KV3lin_M2W_cataract,12,30873116,C,T,D002386,10526
ENSG00000133794,ARNTL,GSK500KV3lin_M2W_hypertension,11,13282058,C,G,D006973,406
ENSG00000132481,TRIM47,GSK500KV3lin_M2W_hypertension,17,73953404,T,C,D006973,91107
ENSG00000134245,WNT2B,GSK500KV3lin_M2W_hypertension,1,113046879,C,A,D006973,7482
ENSG00000135414,GDF11,GSK500KV3lin_M2W_nasal_polyps,12,56435504,G,C,D009298,10220
ENSG00000133678,TMEM254,GSK500KV3lin_M2W_chronic_obstructive_airways_diseasecopd,10,81061666,A,C,D029424,80195
ENSG00000134222,PSRC1,GSK500KV3lin_M2W_high_cholesterol,1,109817590,G,T,D050171,84722
ENSG00000135100,HNF1A,GSK500KV3lin_M2W_angina,12,121416650,A,C,D000787,6927
ENSG00000134243,SORT1,GSK500KV3lin_M2W_heart_attackmyocardial_infarction,1,109821797,G,A,D009203,6272
ENSG00000134369,NAV1,GSK500KV3lin_M2W_hypertension,1,201782800,T,TA,D006973,89796
ENSG00000135213,POM121C,GSK500KV3lin_M2W_hypertension,7,74160089,A,G,D006973,100101267
ENSG00000133789,SWAP70,GSK500KV3lin_M2W_hypertension,11,9765503,A,T,D006973,23075
ENSG00000133063,CHIT1,GSK500KV3lin_M2W_asthma,1,203103205,T,TA,D001249,1118
ENSG00000134243,SORT1,GSK500KV3lin_M2W_angina,1,109818306,G,T,D000787,6272
ENSG00000134824,FADS2,GSK500KV3lin_M2W_cholelithiasisgall_stones,11,61592362,A,G,D002769,9415
ENSG00000134824,FADS2,GSK500KV3lin_M2W_asthma,11,61575807,CA,C,D001249,9415
ENSG00000134824,FADS2,GSK500KV3lin_M2W_bile_duct_disease,11,61606642,A,G,D002769,9415
ENSG00000135100,HNF1A,GSK500KV3lin_M2W_cholelithiasisgall_stones,12,121423659,A,G,D002769,6927
ENSG00000135744,AGT,GSK500KV3lin_M2W_hypertension,1,230851536,C,T,D006973,183
ENSG00000134825,TMEM258,GSK500KV3lin_M2W_cholelithiasisgall_stones,11,61592362,A,G,D002769,746
ENSG00000134259,NGF,GSK500KV3lin_M2W_migraine,1,115677183,T,C,D008881,4803
ENSG00000135063,FAM189A2,GSK500KV3lin_M2W_migraine,9,71812798,C,T,D008881,9413
ENSG00000134352,IL6ST,GSK500KV3lin_M2W_rheumatoid_arthritis,5,55442249,T,C,D001172,3572
ENSG00000135953,MFSD9,GSK500KV3lin_M2W_eczemadermatitis,2,103014696,C,T,D003876,84804
ENSG00000135074,ADAM19,GSK500KV3lin_M2W_asthma,5,156935973,A,C,D001249,8728
ENSG00000134825,TMEM258,GSK500KV3lin_M2W_asthma,11,61575807,CA,C,D001249,746
ENSG00000134198,TSPAN2,GSK500KV3lin_M2W_migraine,1,115677183,T,C,D008881,10100
ENSG00000136827,TOR1A,GSK500KV3lin_M2W_sclerodermasystemic_sclerosis,9,132308704,T,C,D012595,1861
ENSG00000136240,KDELR2,GSK500KV3lin_M2W_osteoarthritis,7,6532167,C,G,D010003,11014
ENSG00000134453,RBM17,GSK500KV3lin_M2W_asthma,10,6093139,C,T,D001249,84991
ENSG00000136485,DCAF7,GSK500KV3lin_M2W_hypertension,17,61556298,C,G,D006973,10238
ENSG00000136448,NMT1,GSK500KV3lin_M2W_hypertension,17,43173273,T,C,D006973,4836
ENSG00000135541,AHI1,GSK500KV3lin_M2W_asthma,6,135716532,A,T,D001249,54806
ENSG00000135775,COG2,GSK500KV3lin_M2W_hypertension,1,230851536,C,T,D006973,22796
ENSG00000136379,ABHD17C,GSK500KV3lin_M2W_hypertension,15,81013037,G,A,D006973,58489
ENSG00000138642,HERC6,GSK500KV3lin_M2W_osteoporosis,4,88772876,A,AAG,D010024,55008
ENSG00000136531,SCN2A,GSK500KV3lin_M2W_diabetes,2,165513091,T,C,D003920,6326
ENSG00000135926,TMBIM1,GSK500KV3lin_M2W_high_cholesterol,2,219146882,G,C,D050171,64114
ENSG00000137947,GTF2B,GSK500KV3lin_M2W_hypertension,1,89332099,T,C,D006973,2959
ENSG00000136531,SCN2A,GSK500KV3lin_M2W_type_2_diabetes,2,165528876,C,T,D003924,6326
ENSG00000137145,DENND4C,GSK500KV3lin_M2W_high_cholesterol,9,19261301,G,A,D050171,55667
ENSG00000135517,MIP,GSK500KV3lin_M2W_migraine,12,57527283,T,C,D008881,4284
ENSG00000136381,IREB2,GSK500KV3lin_M2W_chronic_obstructive_airways_diseasecopd,15,78817929,C,T,D029424,3658
ENSG00000139514,SLC7A1,GSK500KV3lin_M2W_hypertension,13,30154349,G,C,D006973,6541
ENSG00000137819,PAQR5,GSK500KV3lin_M2W_hypertension,15,69675605,C,T,D006973,54852
ENSG00000140465,CYP1A1,GSK500KV3lin_M2W_hypertension,15,75062397,C,T,D006973,1543
ENSG00000137720,C11orf1,GSK500KV3lin_M2W_hypertension,11,111535102,G,A,D006973,64776
ENSG00000140474,ULK3,GSK500KV3lin_M2W_osteoarthritis,15,75086534,C,T,D010003,25989
ENSG00000138193,PLCE1,GSK500KV3lin_M2W_hypertension,10,96023077,T,C,D006973,51196
ENSG00000138604,GLCE,GSK500KV3lin_M2W_hypertension,15,69675605,C,T,D006973,26035
ENSG00000138311,ZNF365,GSK500KV3lin_M2W_inflammatory_bowel_disease,10,64400052,G,GA,D015212,22891
ENSG00000137154,RPS6,GSK500KV3lin_M2W_high_cholesterol,9,19261301,G,A,D050171,6194
ENSG00000137309,HMGA1,GSK500KV3lin_M2W_prostate_problem_not_cancer,6,34182038,CAAAA,C,D011469,3159
ENSG00000138079,SLC3A1,GSK500KV3lin_M2W_pancreatitis,2,44081627,T,G,D010195,6519
ENSG00000138696,BMPR1B,GSK500KV3lin_M2W_high_cholesterol,4,96037912,A,G,D050171,658
ENSG00000140067,FAM181A,GSK500KV3lin_M2W_bile_duct_disease,14,94838142,G,T,D002769,90050
ENSG00000138696,BMPR1B,GSK500KV3lin_M2W_angina,4,96075965,C,T,D000787,658
ENSG00000138688,KIAA1109,GSK500KV3lin_M2W_asthma,4,123069651,CA,C,D001249,84162
ENSG00000138075,ABCG5,GSK500KV3lin_M2W_high_cholesterol,2,44072576,G,T,D050171,64240
ENSG00000139531,SUOX,GSK500KV3lin_M2W_hayfeverallergic_rhinitis,12,56455294,C,T,D006255,6821
ENSG00000138380,CARF,GSK500KV3lin_M2W_osteoarthritis,2,204222794,TTG,T,D010003,79800
ENSG00000140564,FURIN,GSK500KV3lin_M2W_heart_attackmyocardial_infarction,15,91412849,C,CCAAAGGCA,D009203,5045
ENSG00000140067,FAM181A,GSK500KV3lin_M2W_emphysemachronic_bronchitis,14,94844947,C,T,D029481,90050
ENSG00000139531,SUOX,GSK500KV3lin_M2W_nasal_polyps,12,56435504,G,C,D009298,6821
ENSG00000140678,ITGAX,GSK500KV3lin_M2W_nasal_polyps,16,30613095,C,CTATATA,D009298,3687
ENSG00000137807,KIF23,GSK500KV3lin_M2W_hypertension,15,69675605,C,T,D006973,9493
ENSG00000137747,TMPRSS13,GSK500KV3lin_M2W_asthma,11,118746433,C,T,D001249,84000
ENSG00000139624,CERS5,GSK500KV3lin_M2W_hypertension,12,50558782,C,CT,D006973,91012
ENSG00000138792,ENPEP,GSK500KV3lin_M2W_hypertension,4,111386198,T,C,D006973,2028
ENSG00000138829,FBN2,GSK500KV3lin_M2W_hypertension,5,127857493,A,G,D006973,2201
ENSG00000138190,EXOC6,GSK500KV3lin_M2W_high_cholesterol,10,94772638,A,C,D050171,54536
ENSG00000141569,TRIM65,GSK500KV3lin_M2W_hypertension,17,73953404,T,C,D006973,201292
ENSG00000138075,ABCG5,GSK500KV3lin_M2W_pancreatitis,2,44081627,T,G,D010195,64240
ENSG00000138439,FAM117B,GSK500KV3lin_M2W_high_cholesterol,2,203555343,G,T,D050171,150864
ENSG00000140067,FAM181A,GSK500KV3lin_M2W_cholelithiasisgall_stones,14,94844947,C,T,D002769,90050
ENSG00000140465,CYP1A1,GSK500KV3lin_M2W_osteoarthritis,15,75086534,C,T,D010003,1543
ENSG00000140067,FAM181A,GSK500KV3lin_M2W_enlarged_prostate,14,94844947,C,T,D011470,90050
ENSG00000140564,FURIN,GSK500KV3lin_M2W_angina,15,91429176,G,T,D000787,5045
ENSG00000142233,NTN5,GSK500KV3lin_M2W_high_cholesterol,19,49206674,G,A,D050171,126147
ENSG00000143106,PSMA5,GSK500KV3lin_M2W_high_cholesterol,1,109817590,G,T,D050171,5686
ENSG00000140564,FURIN,GSK500KV3lin_M2W_hypertension,15,91439417,CAAAAACA,C,D006973,5045
ENSG00000140873,ADAMTS18,GSK500KV3lin_M2W_glaucoma,16,77368311,A,G,D005901,170692
ENSG00000140474,ULK3,GSK500KV3lin_M2W_hypertension,15,75062397,C,T,D006973,25989
ENSG00000141452,C18orf8,GSK500KV3lin_M2W_osteoarthritis,18,21076764,G,T,D010003,29919
ENSG00000137944,CCBL2,GSK500KV3lin_M2W_hypertension,1,89332099,T,C,D006973,56267
ENSG00000143106,PSMA5,GSK500KV3lin_M2W_angina,1,109818306,G,T,D000787,5686
ENSG00000140830,TXNL4B,GSK500KV3lin_M2W_high_cholesterol,16,72101525,C,G,D050171,54957
ENSG00000140497,SCAMP2,GSK500KV3lin_M2W_hypertension,15,75062397,C,T,D006973,10066
ENSG00000142655,PEX14,GSK500KV3lin_M2W_asthma,1,10441978,T,C,D001249,5195
ENSG00000141279,NPEPPS,GSK500KV3lin_M2W_high_cholesterol,17,45575932,GA,G,D050171,9520
ENSG00000149577,SIDT2,GSK500KV3lin_M2W_high_cholesterol,11,116623213,TA,T,D050171,51092
ENSG00000141699,FAM134C,GSK500KV3lin_M2W_asthma,17,40449962,G,A,D001249,162427
ENSG00000144560,VGLL4,GSK500KV3lin_M2W_hypertension,3,11545719,T,C,D006973,9686
ENSG00000143921,ABCG8,GSK500KV3lin_M2W_high_cholesterol,2,44072576,G,T,D050171,64241
ENSG00000140497,SCAMP2,GSK500KV3lin_M2W_osteoarthritis,15,75086534,C,T,D010003,10066
ENSG00000141458,NPC1,GSK500KV3lin_M2W_osteoarthritis,18,21076764,G,T,D010003,4864
ENSG00000143149,ALDH9A1,GSK500KV3lin_M2W_glaucoma,1,165743523,A,G,D005901,223
ENSG00000141569,TRIM65,GSK500KV3lin_M2W_high_cholesterol,17,73778609,C,G,D050171,201292
ENSG00000143641,GALNT2,GSK500KV3lin_M2W_hypertension,1,230851536,C,T,D006973,2590
ENSG00000143183,TMCO1,GSK500KV3lin_M2W_glaucoma,1,165743523,A,G,D005901,54499
ENSG00000140575,IQGAP1,GSK500KV3lin_M2W_hayfeverallergic_rhinitis,15,91037534,G,GTATT,D006255,8826
ENSG00000141965,FEM1A,GSK500KV3lin_M2W_hypertension,19,4980864,T,C,D006973,55527
ENSG00000143106,PSMA5,GSK500KV3lin_M2W_heart_attackmyocardial_infarction,1,109821797,G,A,D009203,5686
ENSG00000142599,RERE,GSK500KV3lin_M2W_hypertension,1,8504421,C,A,D006973,473
ENSG00000142599,RERE,GSK500KV3lin_M2W_asthma,1,8501786,A,G,D001249,473
ENSG00000143847,PPFIA4,GSK500KV3lin_M2W_asthma,1,203103205,T,TA,D001249,8497
ENSG00000143512,HHIPL2,GSK500KV3lin_M2W_angina,1,222786032,T,C,D000787,79802
ENSG00000143365,RORC,GSK500KV3lin_M2W_ulcerative_colitis,1,151801454,CAAA,C,D003093,6097
ENSG00000142233,NTN5,GSK500KV3lin_M2W_duodenal_ulcer,19,49206674,G,A,D004381,126147
ENSG00000143126,CELSR2,GSK500KV3lin_M2W_high_cholesterol,1,109817590,G,T,D050171,1952
ENSG00000143224,PPOX,GSK500KV3lin_M2W_hayfeverallergic_rhinitis,1,161159147,C,T,D006255,5498
ENSG00000145375,SPATA5,GSK500KV3lin_M2W_contact_dermatitis,4,123653563,T,G,D003877,166378
ENSG00000143126,CELSR2,GSK500KV3lin_M2W_angina,1,109818306,G,T,D000787,1952
ENSG00000143126,CELSR2,GSK500KV3lin_M2W_heart_attackmyocardial_infarction,1,109821797,G,A,D009203,1952
ENSG00000143702,CEP170,GSK500KV3lin_M2W_hypertension,1,243421494,T,TA,D006973,9859
ENSG00000142733,MAP3K6,GSK500KV3lin_M2W_hypertension,1,27173390,A,AT,D006973,9064
ENSG00000147883,CDKN2B,GSK500KV3lin_M2W_high_cholesterol,9,22085719,CAAAA,C,D050171,1030
ENSG00000145779,TNFAIP8,GSK500KV3lin_M2W_asthma,5,118690781,C,G,D001249,25816
ENSG00000147883,CDKN2B,GSK500KV3lin_M2W_cataract,9,22103130,ATGTG,A,D002386,1030
ENSG00000148572,NRBF2,GSK500KV3lin_M2W_bile_duct_disease,10,65140440,A,C,D002769,29982
ENSG00000145284,SCD5,GSK500KV3lin_M2W_type_2_diabetes,4,83587562,G,C,D003924,79966
ENSG00000151617,EDNRA,GSK500KV3lin_M2W_angina,4,148387701,A,G,D000787,1909
ENSG00000149485,FADS1,GSK500KV3lin_M2W_asthma,11,61575807,CA,C,D001249,3992
ENSG00000144118,RALB,GSK500KV3lin_M2W_emphysemachronic_bronchitis,2,120437900,T,C,D029481,5899
ENSG00000145850,TIMD4,GSK500KV3lin_M2W_high_cholesterol,5,156383422,A,G,D050171,91937
ENSG00000150907,FOXO1,GSK500KV3lin_M2W_uterine_fibroids,13,40723944,G,A,D007889,2308
ENSG00000146243,IRAK1BP1,GSK500KV3lin_M2W_hypertension,6,79484386,C,A,D006973,134728
ENSG00000149485,FADS1,GSK500KV3lin_M2W_bile_duct_disease,11,61606642,A,G,D002769,3992
ENSG00000147883,CDKN2B,GSK500KV3lin_M2W_glaucoma,9,22056295,T,C,D005901,1030
ENSG00000147889,CDKN2A,GSK500KV3lin_M2W_glaucoma,9,22056295,T,C,D005901,1029
ENSG00000147905,ZCCHC7,GSK500KV3lin_M2W_hypertension,9,37127678,C,T,D006973,84186
ENSG00000143921,ABCG8,GSK500KV3lin_M2W_pancreatitis,2,44081627,T,G,D010195,64241
ENSG00000146530,VWDE,GSK500KV3lin_M2W_angina,7,12233848,TAA,T,D000787,221806
ENSG00000147676,MAL2,GSK500KV3lin_M2W_cholelithiasisgall_stones,8,120347476,A,T,D002769,114569
ENSG00000148572,NRBF2,GSK500KV3lin_M2W_cholelithiasisgall_stones,10,65140440,A,C,D002769,29982
ENSG00000149485,FADS1,GSK500KV3lin_M2W_cholelithiasisgall_stones,11,61592362,A,G,D002769,3992
ENSG00000147883,CDKN2B,GSK500KV3lin_M2W_heart_attackmyocardial_infarction,9,22093299,A,T,D009203,1030
ENSG00000146247,PHIP,GSK500KV3lin_M2W_hypertension,6,79484386,C,A,D006973,55023
ENSG00000147536,GINS4,GSK500KV3lin_M2W_diabetes,8,41508577,C,A,D003920,84296
ENSG00000149761,NUDT22,GSK500KV3lin_M2W_hypertension,11,63869062,C,T,D006973,84304
ENSG00000148702,HABP2,GSK500KV3lin_M2W_cataract,10,115485285,T,C,D002386,3026
ENSG00000147883,CDKN2B,GSK500KV3lin_M2W_angina,9,22099568,C,A,D000787,1030
ENSG00000148925,BTBD10,GSK500KV3lin_M2W_contact_dermatitis,11,13191277,A,G,D003877,84280
ENSG00000149596,JPH2,GSK500KV3lin_M2W_hypertension,20,42795152,A,G,D006973,57158
ENSG00000152580,IGSF10,GSK500KV3lin_M2W_hayfeverallergic_rhinitis,3,150836435,CT,C,D006255,285313
ENSG00000147889,CDKN2A,GSK500KV3lin_M2W_high_cholesterol,9,22085719,CAAAA,C,D050171,1029
ENSG00000156170,NDUFAF6,GSK500KV3lin_M2W_diabetes,8,95916811,A,G,D003920,137682
ENSG00000152661,GJA1,GSK500KV3lin_M2W_migraine,6,121797446,A,G,D008881,2697
ENSG00000152284,TCF7L1,GSK500KV3lin_M2W_adrenocortical_insufficiencyaddisons_disease,2,85162748,G,A,D000224,83439
ENSG00000151006,PRSS53,GSK500KV3lin_M2W_hypertension,16,31115259,T,A,D006973,339105
ENSG00000152518,ZFP36L2,GSK500KV3lin_M2W_uterine_fibroids,2,43648176,A,G,D007889,678
ENSG00000156006,NAT2,GSK500KV3lin_M2W_high_cholesterol,8,18269343,A,G,D050171,10
ENSG00000156170,NDUFAF6,GSK500KV3lin_M2W_hypertension,8,95988484,G,A,D006973,137682
ENSG00000152804,HHEX,GSK500KV3lin_M2W_asthma,10,94495753,C,A,D001249,3087
ENSG00000156521,TYSND1,GSK500KV3lin_M2W_deep_venous_thrombosis_dvt,10,71218646,G,C,D020246,219743
ENSG00000152291,TGOLN2,GSK500KV3lin_M2W_heart_attackmyocardial_infarction,2,85742297,A,G,D009203,10618
ENSG00000158850,B4GALT3,GSK500KV3lin_M2W_hayfeverallergic_rhinitis,1,161159147,C,T,D006255,8703
ENSG00000152785,BMP3,GSK500KV3lin_M2W_cataract,4,81952637,T,A,D002386,651
ENSG00000152620,NADK2,GSK500KV3lin_M2W_asthma,5,35873123,G,GT,D001249,133686
ENSG00000154252,GAL3ST2,GSK500KV3lin_M2W_hayfeverallergic_rhinitis,2,242695497,T,C,D006255,64090
ENSG00000153814,JAZF1,GSK500KV3lin_M2W_diabetes,7,28200097,C,T,D003920,221895
ENSG00000154305,MIA3,GSK500KV3lin_M2W_heart_attackmyocardial_infarction,1,222795569,C,G,D009203,375056
ENSG00000154252,GAL3ST2,GSK500KV3lin_M2W_asthma,2,242698640,G,A,D001249,64090
ENSG00000155158,TTC39B,GSK500KV3lin_M2W_bile_duct_disease,9,15304782,C,A,D002769,158219
ENSG00000153814,JAZF1,GSK500KV3lin_M2W_asthma,7,28156606,C,G,D001249,221895
ENSG00000152284,TCF7L1,GSK500KV3lin_M2W_angina,2,85767735,C,T,D000787,83439
ENSG00000152784,PRDM8,GSK500KV3lin_M2W_high_cholesterol,4,81181072,A,T,D050171,56978
ENSG00000154328,NEIL2,GSK500KV3lin_M2W_cholelithiasisgall_stones,8,11522353,G,A,D002769,252969
ENSG00000157322,CLEC18A,GSK500KV3lin_M2W_cataract,16,69885166,G,A,D002386,348174
ENSG00000154328,NEIL2,GSK500KV3lin_M2W_bile_duct_disease,8,11516594,T,C,D002769,252969
ENSG00000151465,CDC123,GSK500KV3lin_M2W_diabetes,10,12307894,C,T,D003920,8872
ENSG00000157992,KRTCAP3,GSK500KV3lin_M2W_bile_duct_disease,2,27730940,T,C,D002769,200634
ENSG00000157538,DSCR3,GSK500KV3lin_M2W_sclerodermasystemic_sclerosis,21,38833263,T,C,D012595,10311
ENSG00000155158,TTC39B,GSK500KV3lin_M2W_cholelithiasisgall_stones,9,15304782,C,A,D002769,158219
ENSG00000157884,CIB4,GSK500KV3lin_M2W_hypertension,2,26914364,C,T,D006973,130106
ENSG00000157510,AFAP1L1,GSK500KV3lin_M2W_hypertension,5,148347543,G,A,D006973,134265
ENSG00000152518,ZFP36L2,GSK500KV3lin_M2W_heart_attackmyocardial_infarction,2,43458611,T,C,D009203,678
ENSG00000158480,SPATA2,GSK500KV3lin_M2W_psoriasis,20,48590791,G,T,D011565,9825
ENSG00000153814,JAZF1,GSK500KV3lin_M2W_type_2_diabetes,7,28187806,C,T,D003924,221895
ENSG00000154305,MIA3,GSK500KV3lin_M2W_angina,1,222786032,T,C,D000787,375056
ENSG00000157837,SPPL3,GSK500KV3lin_M2W_asthma,12,121368518,A,T,D001249,121665
ENSG00000158636,C11orf30,GSK500KV3lin_M2W_hayfeverallergic_rhinitis,11,76281593,C,T,D006255,56946
ENSG00000153815,CMIP,GSK500KV3lin_M2W_hypertension,16,81591496,T,C,D006973,80790
ENSG00000157557,ETS2,GSK500KV3lin_M2W_ulcerative_colitis,21,40463283,G,A,D003093,2114
ENSG00000158869,FCER1G,GSK500KV3lin_M2W_hayfeverallergic_rhinitis,1,161159147,C,T,D006255,2207
ENSG00000158792,SPATA2L,GSK500KV3lin_M2W_hypertension,16,89700881,G,A,D006973,124044
ENSG00000157557,ETS2,GSK500KV3lin_M2W_inflammatory_bowel_disease,21,40463283,G,A,D015212,2114
ENSG00000159348,CYB5R1,GSK500KV3lin_M2W_asthma,1,203103205,T,TA,D001249,51706
ENSG00000158882,TOMM40L,GSK500KV3lin_M2W_hayfeverallergic_rhinitis,1,161159147,C,T,D006255,84134
ENSG00000159197,KCNE2,GSK500KV3lin_M2W_angina,21,35593827,G,A,D000787,9992
ENSG00000158234,FAIM,GSK500KV3lin_M2W_hypertension,3,138077176,C,CTCA,D006973,55179
ENSG00000159197,KCNE2,GSK500KV3lin_M2W_heart_attackmyocardial_infarction,21,35593827,G,A,D009203,9992
ENSG00000158517,NCF1,GSK500KV3lin_M2W_hypertension,7,74160089,A,G,D006973,653361
ENSG00000158636,C11orf30,GSK500KV3lin_M2W_asthma,11,76293758,G,A,D001249,56946
ENSG00000158636,C11orf30,GSK500KV3lin_M2W_eczemadermatitis,11,76302067,C,A,D003876,56946
ENSG00000158864,NDUFS2,GSK500KV3lin_M2W_hayfeverallergic_rhinitis,1,161159147,C,T,D006255,4720
ENSG00000158859,ADAMTS4,GSK500KV3lin_M2W_hayfeverallergic_rhinitis,1,161159147,C,T,D006255,9507
ENSG00000158186,MRAS,GSK500KV3lin_M2W_hypertension,3,138077176,C,CTCA,D006973,22808
ENSG00000162337,LRP5,GSK500KV3lin_M2W_osteoporosis,11,68187136,G,A,D010024,4041
ENSG00000160111,CPAMD8,GSK500KV3lin_M2W_hypertension,19,17219105,G,A,D006973,27151
ENSG00000157992,KRTCAP3,GSK500KV3lin_M2W_cholelithiasisgall_stones,2,27730940,T,C,D002769,200634
ENSG00000158636,C11orf30,GSK500KV3lin_M2W_inflammatory_bowel_disease,11,76293805,G,C,D015212,56946
ENSG00000159917,ZNF235,GSK500KV3lin_M2W_hypertension,19,45413233,G,T,D006973,9310
ENSG00000159917,ZNF235,GSK500KV3lin_M2W_angina,19,45413233,G,T,D000787,9310
ENSG00000163795,ZNF513,GSK500KV3lin_M2W_high_cholesterol,2,27730940,T,C,D050171,130557
ENSG00000162542,TMCO4,GSK500KV3lin_M2W_ulcerative_colitis,1,20171860,G,A,D003093,255104
ENSG00000163501,IHH,GSK500KV3lin_M2W_high_cholesterol,2,219146882,G,C,D050171,3549
ENSG00000160710,ADAR,GSK500KV3lin_M2W_cholelithiasisgall_stones,1,154627852,G,A,D002769,103
ENSG00000161405,IKZF3,GSK500KV3lin_M2W_hayfeverallergic_rhinitis,17,38764524,T,A,D006255,22806
ENSG00000162607,USP1,GSK500KV3lin_M2W_high_cholesterol,1,62935577,CAAA,C,D050171,7398
ENSG00000162244,RPL29,GSK500KV3lin_M2W_pancreatitis,3,52030995,T,TG,D010195,6159
ENSG00000162931,TRIM17,GSK500KV3lin_M2W_hypertension,1,228191075,T,A,D006973,51127
ENSG00000162881,OXER1,GSK500KV3lin_M2W_heart_attackmyocardial_infarction,2,43458611,T,C,D009203,165140
ENSG00000163202,LCE3D,GSK500KV3lin_M2W_psoriasis,1,152551325,C,T,D011565,84648
ENSG00000162924,REL,GSK500KV3lin_M2W_psoriasis,2,61091950,G,A,D011565,5966
ENSG00000164068,RNF123,GSK500KV3lin_M2W_osteoarthritis,3,50022049,G,A,D010003,63891
ENSG00000161944,ASGR2,GSK500KV3lin_M2W_hypertension,17,7781019,T,C,D006973,433
ENSG00000164877,MICALL2,GSK500KV3lin_M2W_type_1_diabetes,7,2198859,G,A,D003922,79778
ENSG00000160886,LY6K,GSK500KV3lin_M2W_duodenal_ulcer,8,143776715,CAA,C,D004381,54742
ENSG00000159640,ACE,GSK500KV3lin_M2W_hypertension,17,61556298,C,G,D006973,1636
ENSG00000162407,PPAP2B,GSK500KV3lin_M2W_angina,1,56965664,C,T,D000787,8613
ENSG00000163938,GNL3,GSK500KV3lin_M2W_pancreatitis,3,52030995,T,TG,D010195,26354
ENSG00000164078,MST1R,GSK500KV3lin_M2W_osteoarthritis,3,50022049,G,A,D010003,4486
ENSG00000160360,GPSM1,GSK500KV3lin_M2W_diabetes,9,139246739,G,A,D003920,26086
ENSG00000162913,C1orf145,GSK500KV3lin_M2W_hypertension,1,228191075,T,A,D006973,574407
ENSG00000161249,DMKN,GSK500KV3lin_M2W_cholelithiasisgall_stones,19,36038390,A,G,D002769,93099
ENSG00000164078,MST1R,GSK500KV3lin_M2W_asthma,3,50176259,A,AG,D001249,4486
ENSG00000164078,MST1R,GSK500KV3lin_M2W_diabetes,3,49774658,G,A,D003920,4486
ENSG00000162910,MRPL55,GSK500KV3lin_M2W_hypertension,1,228191075,T,A,D006973,128308
ENSG00000162576,MXRA8,GSK500KV3lin_M2W_hypertension,1,1819821,A,AG,D006973,54587
ENSG00000162413,KLHL21,GSK500KV3lin_M2W_hypertension,1,6676485,T,G,D006973,9903
ENSG00000162929,KIAA1841,GSK500KV3lin_M2W_hypertension,2,61704451,T,C,D006973,84542
ENSG00000163795,ZNF513,GSK500KV3lin_M2W_type_2_diabetes,2,27742603,T,C,D003924,130557
ENSG00000164068,RNF123,GSK500KV3lin_M2W_asthma,3,50176259,A,AG,D001249,63891
ENSG00000161955,TNFSF13,GSK500KV3lin_M2W_uterine_fibroids,17,7571752,T,G,D007889,8741
ENSG00000165304,MELK,GSK500KV3lin_M2W_hypertension,9,37127678,C,T,D006973,9833
ENSG00000164047,CAMP,GSK500KV3lin_M2W_hypertension,3,48182589,T,C,D006973,820
ENSG00000162542,TMCO4,GSK500KV3lin_M2W_inflammatory_bowel_disease,1,20173858,T,C,D015212,255104
ENSG00000163635,ATXN7,GSK500KV3lin_M2W_diabetes,3,63982670,C,T,D003920,6314
ENSG00000163235,TGFA,GSK500KV3lin_M2W_osteoarthritis,2,70717653,A,G,D010003,7039
ENSG00000163636,PSMD6,GSK500KV3lin_M2W_chronic_obstructive_airways_diseasecopd,3,63544153,T,C,D029424,9861
ENSG00000163485,ADORA1,GSK500KV3lin_M2W_asthma,1,203103205,T,TA,D001249,134
ENSG00000164024,METAP1,GSK500KV3lin_M2W_hypertension,4,100239319,T,C,D006973,23173
ENSG00000164011,ZNF691,GSK500KV3lin_M2W_hypertension,1,42485483,C,T,D006973,51058
ENSG00000164938,TP53INP1,GSK500KV3lin_M2W_hypertension,8,95988484,G,A,D006973,94241
ENSG00000163795,ZNF513,GSK500KV3lin_M2W_cholelithiasisgall_stones,2,27730940,T,C,D002769,130557
ENSG00000164045,CDC25A,GSK500KV3lin_M2W_hypertension,3,48182589,T,C,D006973,993
ENSG00000165609,NUDT5,GSK500KV3lin_M2W_type_2_diabetes,10,12250620,T,C,D003924,11164
ENSG00000164362,TERT,GSK500KV3lin_M2W_bph_benign_prostatic_hypertrophy,5,1337906,A,T,D011470,7015
ENSG00000163687,DNASE1L3,GSK500KV3lin_M2W_high_cholesterol,3,58358460,TCTC,T,D050171,1776
ENSG00000162927,PUS10,GSK500KV3lin_M2W_psoriasis,2,61091950,G,A,D011565,150962
ENSG00000164850,GPER1,GSK500KV3lin_M2W_high_cholesterol,7,1123778,A,G,D050171,2852
ENSG00000163634,THOC7,GSK500KV3lin_M2W_diabetes,3,63982670,C,T,D003920,80145
ENSG00000163795,ZNF513,GSK500KV3lin_M2W_bile_duct_disease,2,27730940,T,C,D002769,130557
ENSG00000164087,POC1A,GSK500KV3lin_M2W_cataract,3,52563718,C,T,D002386,25886
ENSG00000164362,TERT,GSK500KV3lin_M2W_prostate_problem_not_cancer,5,1336459,T,C,D011469,7015
ENSG00000163536,SERPINI1,GSK500KV3lin_M2W_hypertension,3,167469955,A,G,D006973,5274
ENSG00000163795,ZNF513,GSK500KV3lin_M2W_diabetes,2,27730940,T,C,D003920,130557
ENSG00000164362,TERT,GSK500KV3lin_M2W_enlarged_prostate,5,1337070,T,C,D011470,7015
ENSG00000163785,RYK,GSK500KV3lin_M2W_hypertension,3,133966291,T,C,D006973,6259
ENSG00000164076,CAMKV,GSK500KV3lin_M2W_osteoarthritis,3,50022049,G,A,D010003,79012
ENSG00000164597,COG5,GSK500KV3lin_M2W_high_cholesterol,7,106946195,C,G,D050171,10466
ENSG00000163431,LMOD1,GSK500KV3lin_M2W_hypertension,1,201782800,T,TA,D006973,25802
ENSG00000164512,ANKRD55,GSK500KV3lin_M2W_rheumatoid_arthritis,5,55442249,T,C,D001172,79722
ENSG00000163938,GNL3,GSK500KV3lin_M2W_cataract,3,52563718,C,T,D002386,26354
ENSG00000164867,NOS3,GSK500KV3lin_M2W_hypertension,7,150690176,C,T,D006973,4846
ENSG00000164116,GUCY1A3,GSK500KV3lin_M2W_high_cholesterol,4,156661063,C,A,D050171,2982
ENSG00000164086,DUSP7,GSK500KV3lin_M2W_pancreatitis,3,52030995,T,TG,D010195,1849
ENSG00000164116,GUCY1A3,GSK500KV3lin_M2W_hypertension,4,156633444,C,T,D006973,2982
ENSG00000165633,VSTM4,GSK500KV3lin_M2W_sclerodermasystemic_sclerosis,10,49848858,G,T,D012595,196740
ENSG00000167395,ZNF646,GSK500KV3lin_M2W_hypertension,16,31115259,T,A,D006973,9726
ENSG00000168894,RNF181,GSK500KV3lin_M2W_heart_attackmyocardial_infarction,2,85742297,A,G,D009203,51255
ENSG00000166278,C2,GSK500KV3lin_M2W_adrenocortical_insufficiencyaddisons_disease,6,31427395,G,C,D000224,717
ENSG00000164849,GPR146,GSK500KV3lin_M2W_high_cholesterol,7,1123778,A,G,D050171,115330
ENSG00000165609,NUDT5,GSK500KV3lin_M2W_diabetes,10,12307894,C,T,D003920,11164
ENSG00000169047,IRS1,GSK500KV3lin_M2W_type_2_diabetes,2,227116365,A,G,D003924,3667
ENSG00000165895,ARHGAP42,GSK500KV3lin_M2W_hypertension,11,100610546,T,C,D006973,143872
ENSG00000166170,BAG5,GSK500KV3lin_M2W_hypertension,14,103975472,G,T,D006973,9529
ENSG00000167656,LY6D,GSK500KV3lin_M2W_duodenal_ulcer,8,143776715,CAA,C,D004381,8581
ENSG00000166165,CKB,GSK500KV3lin_M2W_hypertension,14,103975472,G,T,D006973,1152
ENSG00000165572,KBTBD6,GSK500KV3lin_M2W_uterine_fibroids,13,40723944,G,A,D007889,89890
ENSG00000164938,TP53INP1,GSK500KV3lin_M2W_diabetes,8,95916811,A,G,D003920,94241
ENSG00000167394,ZNF668,GSK500KV3lin_M2W_hypertension,16,31115259,T,A,D006973,79759
ENSG00000165895,ARHGAP42,GSK500KV3lin_M2W_high_cholesterol,11,100593538,G,C,D050171,143872
ENSG00000166396,SERPINB7,GSK500KV3lin_M2W_asthma,18,61442619,A,G,D001249,8710
ENSG00000166949,SMAD3,GSK500KV3lin_M2W_asthma,15,67441750,C,A,D001249,4088
ENSG00000166949,SMAD3,GSK500KV3lin_M2W_hayfeverallergic_rhinitis,15,67442596,C,T,D006255,4088
ENSG00000166986,MARS,GSK500KV3lin_M2W_migraine,12,57527283,T,C,D008881,4141
ENSG00000167523,SPATA33,GSK500KV3lin_M2W_hypertension,16,89700881,G,A,D006973,124045
ENSG00000167193,CRK,GSK500KV3lin_M2W_hypertension,17,1957597,G,A,D006973,1398
ENSG00000166532,RIMKLB,GSK500KV3lin_M2W_hypertension,12,8839056,CT,C,D006973,57494
ENSG00000167077,MEI1,GSK500KV3lin_M2W_asthma,22,42026493,C,CT,D001249,150365
ENSG00000167397,VKORC1,GSK500KV3lin_M2W_hypertension,16,31115259,T,A,D006973,79001
ENSG00000166825,ANPEP,GSK500KV3lin_M2W_cholelithiasisgall_stones,15,90347814,G,A,D002769,290
ENSG00000167081,PBX3,GSK500KV3lin_M2W_chronic_obstructive_airways_diseasecopd,9,128481901,TA,T,D029424,5090
ENSG00000171700,RGS19,GSK500KV3lin_M2W_high_cholesterol,20,62711459,C,T,D050171,10287
ENSG00000168874,ATOH8,GSK500KV3lin_M2W_adrenocortical_insufficiencyaddisons_disease,2,85162748,G,A,D000224,84913
ENSG00000167395,ZNF646,GSK500KV3lin_M2W_high_cholesterol,16,30846134,G,A,D050171,9726
ENSG00000167653,PSCA,GSK500KV3lin_M2W_duodenal_ulcer,8,143776715,CAA,C,D004381,8000
ENSG00000167986,DDB1,GSK500KV3lin_M2W_asthma,11,61575807,CA,C,D001249,1642
ENSG00000171282,NA,GSK500KV3lin_M2W_hypertension,17,79375625,A,ACT,D006973,NA
ENSG00000167986,DDB1,GSK500KV3lin_M2W_bile_duct_disease,11,61606642,A,G,D002769,1642
ENSG00000168890,TMEM150A,GSK500KV3lin_M2W_heart_attackmyocardial_infarction,2,85742297,A,G,D009203,129303
ENSG00000167394,ZNF668,GSK500KV3lin_M2W_high_cholesterol,16,30846134,G,A,D050171,79759
ENSG00000168228,ZCCHC4,GSK500KV3lin_M2W_hypertension,4,25408838,G,A,D006973,29063
ENSG00000167971,CASKIN1,GSK500KV3lin_M2W_hypertension,16,2086421,C,T,D006973,57524
ENSG00000168297,PXK,GSK500KV3lin_M2W_high_cholesterol,3,58358460,TCTC,T,D050171,54899
ENSG00000168496,FEN1,GSK500KV3lin_M2W_bile_duct_disease,11,61606642,A,G,D002769,2237
ENSG00000167604,NFKBID,GSK500KV3lin_M2W_cholelithiasisgall_stones,19,36038390,A,G,D002769,84807
ENSG00000169228,RAB24,GSK500KV3lin_M2W_hypertension,5,176574088,A,G,D006973,53917
ENSG00000168268,NT5DC2,GSK500KV3lin_M2W_cataract,3,52563718,C,T,D002386,64943
ENSG00000170606,HSPA4,GSK500KV3lin_M2W_hypertension,5,132444128,G,A,D006973,3308
ENSG00000169508,GPR183,GSK500KV3lin_M2W_asthma,13,100029463,CA,C,D001249,1880
ENSG00000168575,SLC20A2,GSK500KV3lin_M2W_diabetes,8,41508577,C,A,D003920,6575
ENSG00000174137,FAM53A,GSK500KV3lin_M2W_osteoarthritis,4,1662431,C,T,D010003,152877
ENSG00000170091,NA,GSK500KV3lin_M2W_hypertension,5,173298825,C,T,D006973,51617
ENSG00000168685,IL7R,GSK500KV3lin_M2W_eczemadermatitis,5,35875593,A,T,D003876,3575
ENSG00000168890,TMEM150A,GSK500KV3lin_M2W_angina,2,85767735,C,T,D000787,129303
ENSG00000168496,FEN1,GSK500KV3lin_M2W_cholelithiasisgall_stones,11,61592362,A,G,D002769,2237
ENSG00000170801,HTRA3,GSK500KV3lin_M2W_glaucoma,4,7889469,AG,A,D005901,94031
ENSG00000169189,NSMCE1,GSK500KV3lin_M2W_asthma,16,27365453,C,G,D001249,197370
ENSG00000170276,NA,GSK500KV3lin_M2W_hypertension,11,111535102,G,A,D006973,3316
ENSG00000169914,OTUD3,GSK500KV3lin_M2W_ulcerative_colitis,1,20171860,G,A,D003093,23252
ENSG00000168743,NPNT,GSK500KV3lin_M2W_hypertension,4,106910958,C,T,D006973,255743
ENSG00000169230,PRELID1,GSK500KV3lin_M2W_hypertension,5,176574088,A,G,D006973,27166
ENSG00000169247,SH3TC2,GSK500KV3lin_M2W_hypertension,5,148347543,G,A,D006973,79628
ENSG00000168936,TMEM129,GSK500KV3lin_M2W_osteoarthritis,4,1662431,C,T,D010003,92305
ENSG00000169194,IL13,GSK500KV3lin_M2W_psoriasis,5,131996500,A,C,D011565,3596
ENSG00000171467,ZNF318,GSK500KV3lin_M2W_hypertension,6,43349308,A,C,D006973,24149
ENSG00000170262,MRAP,GSK500KV3lin_M2W_hypertension,21,33671140,T,C,D006973,56246
ENSG00000170837,GPR27,GSK500KV3lin_M2W_nasal_polyps,3,71545798,C,A,D009298,2850
ENSG00000170962,PDGFD,GSK500KV3lin_M2W_angina,11,103696851,C,T,D000787,80310
ENSG00000169047,IRS1,GSK500KV3lin_M2W_diabetes,2,227101309,T,C,D003920,3667
ENSG00000169194,IL13,GSK500KV3lin_M2W_eczemadermatitis,5,131995964,A,G,D003876,3596
ENSG00000170185,USP38,GSK500KV3lin_M2W_hypertension,4,144187380,G,A,D006973,84640
ENSG00000172426,RSPH9,GSK500KV3lin_M2W_hypertension,6,43349308,A,C,D006973,221421
ENSG00000168779,SHOX2,GSK500KV3lin_M2W_hypertension,3,158282459,C,T,D006973,6474
ENSG00000168894,RNF181,GSK500KV3lin_M2W_angina,2,85767735,C,T,D000787,51255
ENSG00000172057,ORMDL3,GSK500KV3lin_M2W_hayfeverallergic_rhinitis,17,38764524,T,A,D006255,94103
ENSG00000169885,CALML6,GSK500KV3lin_M2W_hypertension,1,1819821,A,AG,D006973,163688
ENSG00000172113,NME6,GSK500KV3lin_M2W_hypertension,3,48182589,T,C,D006973,10201
ENSG00000172346,CSDC2,GSK500KV3lin_M2W_asthma,22,42026493,C,CT,D001249,27254
ENSG00000168917,SLC35G2,GSK500KV3lin_M2W_heart_attackmyocardial_infarction,3,136134167,A,AAAAAC,D009203,80723
ENSG00000169914,OTUD3,GSK500KV3lin_M2W_inflammatory_bowel_disease,1,20173858,T,C,D015212,23252
ENSG00000170633,RNF34,GSK500KV3lin_M2W_hypertension,12,121900819,CA,C,D006973,80196
ENSG00000170604,IRF2BP1,GSK500KV3lin_M2W_cholelithiasisgall_stones,19,46384554,A,G,D002769,26145
ENSG00000171735,CAMTA1,GSK500KV3lin_M2W_hypertension,1,6676485,T,G,D006973,23261
ENSG00000174123,TLR10,GSK500KV3lin_M2W_hayfeverallergic_rhinitis,4,38782110,TG,T,D006255,81793
ENSG00000169194,IL13,GSK500KV3lin_M2W_nasal_polyps,5,131710399,A,C,D009298,3596
ENSG00000170145,SIK2,GSK500KV3lin_M2W_hypertension,11,111535102,G,A,D006973,23235
ENSG00000172818,OVOL1,GSK500KV3lin_M2W_asthma,11,65551957,A,G,D001249,5017
ENSG00000171303,KCNK3,GSK500KV3lin_M2W_hypertension,2,26914364,C,T,D006973,3777
ENSG00000165895,ARHGAP42,GSK500KV3lin_M2W_high_cholesterol,11,100593538,G,C,D050171,143872
ENSG00000173163,COMMD1,GSK500KV3lin_M2W_inflammatory_bowel_disease,2,61209875,T,G,D015212,150684
ENSG00000170962,PDGFD,GSK500KV3lin_M2W_heart_attackmyocardial_infarction,11,103696851,C,T,D009203,80310
ENSG00000173145,NOC3L,GSK500KV3lin_M2W_hypertension,10,96023077,T,C,D006973,64318
ENSG00000173531,MST1,GSK500KV3lin_M2W_type_2_diabetes,3,49980596,C,T,D003924,4485
ENSG00000172818,OVOL1,GSK500KV3lin_M2W_hypertension,11,65561468,C,T,D006973,5017
ENSG00000175600,SUGCT,GSK500KV3lin_M2W_migraine,7,40472936,C,CT,D008881,79783
ENSG00000172057,ORMDL3,GSK500KV3lin_M2W_asthma,17,38061439,T,C,D001249,94103
ENSG00000165895,ARHGAP42,GSK500KV3lin_M2W_hypertension,11,100610546,T,C,D006973,143872
ENSG00000172992,DCAKD,GSK500KV3lin_M2W_hypertension,17,43173273,T,C,D006973,79877
ENSG00000173452,TMEM196,GSK500KV3lin_M2W_hayfeverallergic_rhinitis,7,20442628,T,G,D006255,256130
ENSG00000171703,TCEA2,GSK500KV3lin_M2W_high_cholesterol,20,62711459,C,T,D050171,6919
ENSG00000171757,LRRC34,GSK500KV3lin_M2W_uterine_fibroids,3,169476991,CAA,C,D007889,151827
ENSG00000175206,NPPA,GSK500KV3lin_M2W_hypertension,1,11880731,G,T,D006973,4878
ENSG00000173068,BNC2,GSK500KV3lin_M2W_high_cholesterol,9,16904141,G,A,D050171,54796
ENSG00000174130,TLR6,GSK500KV3lin_M2W_hayfeverallergic_rhinitis,4,38782110,TG,T,D006255,10333
ENSG00000176920,FUT2,GSK500KV3lin_M2W_duodenal_ulcer,19,49206674,G,A,D004381,2524
ENSG00000175745,NR2F1,GSK500KV3lin_M2W_enlarged_prostate,5,92460541,C,T,D011470,7025
ENSG00000173511,VEGFB,GSK500KV3lin_M2W_high_cholesterol,11,64031241,C,T,D050171,7423
ENSG00000173511,VEGFB,GSK500KV3lin_M2W_hypertension,11,63869062,C,T,D006973,7423
ENSG00000172602,RND1,GSK500KV3lin_M2W_hypertension,12,48254353,T,A,D006973,27289
ENSG00000175305,CCNE2,GSK500KV3lin_M2W_hypertension,8,95988484,G,A,D006973,9134
ENSG00000174130,TLR6,GSK500KV3lin_M2W_asthma,4,38811551,G,A,D001249,10333
ENSG00000176720,BOK,GSK500KV3lin_M2W_asthma,2,242698640,G,A,D001249,666
ENSG00000174123,TLR10,GSK500KV3lin_M2W_asthma,4,38811551,G,A,D001249,81793
ENSG00000175445,LPL,GSK500KV3lin_M2W_angina,8,19840408,G,C,D000787,4023
ENSG00000176410,DNAJC30,GSK500KV3lin_M2W_high_cholesterol,7,73020301,T,C,D050171,84277
ENSG00000176720,BOK,GSK500KV3lin_M2W_hayfeverallergic_rhinitis,2,242695497,T,C,D006255,666
ENSG00000176381,PRR18,GSK500KV3lin_M2W_hypertension,6,166178864,A,T,D006973,285800
ENSG00000174891,RSRC1,GSK500KV3lin_M2W_hypertension,3,158282459,C,T,D006973,51319
ENSG00000174428,GTF2IRD2B,GSK500KV3lin_M2W_hypertension,7,74160089,A,G,D006973,389524
ENSG00000174226,SNX31,GSK500KV3lin_M2W_hypertension,8,101676642,T,C,D006973,169166
ENSG00000172818,OVOL1,GSK500KV3lin_M2W_eczemadermatitis,11,65560785,G,A,D003876,5017
ENSG00000173531,MST1,GSK500KV3lin_M2W_diabetes,3,49774658,G,A,D003920,4485
ENSG00000174595,KLF14,GSK500KV3lin_M2W_hypertension,7,130422934,T,C,D006973,136259
ENSG00000174125,TLR1,GSK500KV3lin_M2W_hayfeverallergic_rhinitis,4,38782110,TG,T,D006255,7096
ENSG00000178718,RPP25,GSK500KV3lin_M2W_hypertension,15,75062397,C,T,D006973,54913
ENSG00000175279,APITD1,GSK500KV3lin_M2W_asthma,1,10441978,T,C,D001249,378708
ENSG00000174807,CD248,GSK500KV3lin_M2W_hypertension,11,65561468,C,T,D006973,57124
ENSG00000175445,LPL,GSK500KV3lin_M2W_high_cholesterol,8,19830921,C,T,D050171,4023
ENSG00000177106,EPS8L2,GSK500KV3lin_M2W_asthma,11,1113278,T,C,D001249,64787
ENSG00000174125,TLR1,GSK500KV3lin_M2W_asthma,4,38811551,G,A,D001249,7096
ENSG00000176909,MAMSTR,GSK500KV3lin_M2W_high_cholesterol,19,49206674,G,A,D050171,284358
ENSG00000175445,LPL,GSK500KV3lin_M2W_heart_attackmyocardial_infarction,8,19942908,C,A,D009203,4023
ENSG00000175920,DOK7,GSK500KV3lin_M2W_high_cholesterol,4,3443931,A,G,D050171,285489
ENSG00000176909,MAMSTR,GSK500KV3lin_M2W_duodenal_ulcer,19,49206674,G,A,D004381,284358
ENSG00000175305,CCNE2,GSK500KV3lin_M2W_diabetes,8,95916811,A,G,D003920,9134
ENSG00000177951,BET1L,GSK500KV3lin_M2W_uterine_fibroids,11,186604,T,C,D007889,51272
ENSG00000178026,FAM211B,GSK500KV3lin_M2W_rheumatoid_arthritis,22,25204740,C,T,D001172,388886
ENSG00000178852,EFCAB13,GSK500KV3lin_M2W_high_cholesterol,17,45575932,GA,G,D050171,124989
ENSG00000182247,UBE2E2,GSK500KV3lin_M2W_diabetes,3,23454790,A,G,D003920,7325
ENSG00000176845,METRNL,GSK500KV3lin_M2W_cataract,17,81063323,G,A,D002386,284207
ENSG00000179546,HTR1D,GSK500KV3lin_M2W_osteoporosis,1,22692078,A,T,D010024,3352
ENSG00000177000,MTHFR,GSK500KV3lin_M2W_hypertension,1,11880731,G,T,D006973,4524
ENSG00000177951,BET1L,GSK500KV3lin_M2W_cataract,11,186604,T,C,D002386,51272
ENSG00000178718,RPP25,GSK500KV3lin_M2W_osteoarthritis,15,75086534,C,T,D010003,54913
ENSG00000178449,COX14,GSK500KV3lin_M2W_hypertension,12,50558782,C,CT,D006973,84987
ENSG00000176920,FUT2,GSK500KV3lin_M2W_high_cholesterol,19,49206674,G,A,D050171,2524
ENSG00000181004,BBS12,GSK500KV3lin_M2W_contact_dermatitis,4,123653563,T,G,D003877,166379
ENSG00000179921,GPBAR1,GSK500KV3lin_M2W_high_cholesterol,2,219146882,G,C,D050171,151306
ENSG00000175911,NA,GSK500KV3lin_M2W_cataract,17,79586227,TA,T,D002386,NA
ENSG00000182544,MFSD5,GSK500KV3lin_M2W_osteoporosis,12,53642866,A,G,D010024,84975
ENSG00000181322,NME9,GSK500KV3lin_M2W_hypertension,3,138077176,C,CTCA,D006973,347736
ENSG00000179151,EDC3,GSK500KV3lin_M2W_hypertension,15,75062397,C,T,D006973,80153
ENSG00000176909,MAMSTR,GSK500KV3lin_M2W_hypertension,19,50139932,C,T,D006973,284358
ENSG00000178202,KDELC2,GSK500KV3lin_M2W_uterine_fibroids,11,108149207,T,G,D007889,143888
ENSG00000181218,HIST3H2A,GSK500KV3lin_M2W_hypertension,1,228191075,T,A,D006973,92815
ENSG00000178802,MPI,GSK500KV3lin_M2W_osteoarthritis,15,75086534,C,T,D010003,4351
ENSG00000185056,C5orf47,GSK500KV3lin_M2W_hypertension,5,173298825,C,T,D006973,133491
ENSG00000182179,UBA7,GSK500KV3lin_M2W_type_2_diabetes,3,49980596,C,T,D003924,7318
ENSG00000182134,TDRKH,GSK500KV3lin_M2W_ulcerative_colitis,1,151801454,CAAA,C,D003093,11022
ENSG00000179344,HLA-DQB1,GSK500KV3lin_M2W_diabetic_nephropathy,6,32626272,C,A,D003928,3119
ENSG00000181915,ADO,GSK500KV3lin_M2W_inflammatory_bowel_disease,10,64400052,G,GA,D015212,84890
ENSG00000182511,FES,GSK500KV3lin_M2W_heart_attackmyocardial_infarction,15,91412849,C,CCAAAGGCA,D009203,2242
ENSG00000181790,BAI1,GSK500KV3lin_M2W_adrenocortical_insufficiencyaddisons_disease,8,143234770,C,T,D000224,575
ENSG00000182511,FES,GSK500KV3lin_M2W_hypertension,15,91439417,CAAAAACA,C,D006973,2242
ENSG00000182224,CYB5D1,GSK500KV3lin_M2W_hypertension,17,7781019,T,C,D006973,124637
ENSG00000183011,LSMD1,GSK500KV3lin_M2W_hypertension,17,7781019,T,C,D006973,84316
ENSG00000184602,SNN,GSK500KV3lin_M2W_cholelithiasisgall_stones,16,11631896,A,C,D002769,8303
ENSG00000183049,CAMK1D,GSK500KV3lin_M2W_type_2_diabetes,10,12250620,T,C,D003924,57118
ENSG00000184709,LRRC26,GSK500KV3lin_M2W_diabetes,9,139246739,G,A,D003920,389816
ENSG00000183049,CAMK1D,GSK500KV3lin_M2W_diabetes,10,12307894,C,T,D003920,57118
ENSG00000180596,HIST1H2BC,GSK500KV3lin_M2W_hypertension,6,26082220,A,G,D006973,8347
ENSG00000183087,GAS6,GSK500KV3lin_M2W_high_cholesterol,13,114544024,T,C,D050171,2621
ENSG00000181135,ZNF707,GSK500KV3lin_M2W_asthma,8,145158607,G,A,D001249,286075
ENSG00000182179,UBA7,GSK500KV3lin_M2W_diabetes,3,49774658,G,A,D003920,7318
ENSG00000181915,ADO,GSK500KV3lin_M2W_ulcerative_colitis,10,64400052,G,GA,D003093,84890
ENSG00000197208,SLC22A4,GSK500KV3lin_M2W_nasal_polyps,5,131710399,A,C,D009298,6583
ENSG00000183248,NA,GSK500KV3lin_M2W_type_2_diabetes,19,7976529,T,C,D003924,80164
ENSG00000184056,VPS33B,GSK500KV3lin_M2W_diabetes,15,91511260,A,G,D003920,26276
ENSG00000185101,ANO9,GSK500KV3lin_M2W_uterine_fibroids,11,186604,T,C,D007889,338440
ENSG00000182704,TSKU,GSK500KV3lin_M2W_osteoarthritis,11,76506572,T,A,D010003,25987
ENSG00000187244,BCAM,GSK500KV3lin_M2W_angina,19,45413233,G,T,D000787,4059
ENSG00000186063,AIDA,GSK500KV3lin_M2W_angina,1,222786032,T,C,D000787,64853
ENSG00000182511,FES,GSK500KV3lin_M2W_angina,15,91429176,G,T,D000787,2242
ENSG00000184949,FAM227A,GSK500KV3lin_M2W_cholelithiasisgall_stones,22,39129708,G,A,D002769,646851
ENSG00000183813,CCR4,GSK500KV3lin_M2W_asthma,3,33047662,G,T,D001249,1233
ENSG00000182247,UBE2E2,GSK500KV3lin_M2W_type_2_diabetes,3,23454790,A,G,D003924,7325
ENSG00000184350,MRGPRE,GSK500KV3lin_M2W_migraine,11,3249984,C,T,D008881,116534
ENSG00000184378,ACTRT3,GSK500KV3lin_M2W_uterine_fibroids,3,169476991,CAA,C,D007889,84517
ENSG00000186326,RGS9BP,GSK500KV3lin_M2W_type_2_diabetes,19,33926402,C,T,D003924,388531
ENSG00000185800,DMWD,GSK500KV3lin_M2W_cholelithiasisgall_stones,19,46384554,A,G,D002769,1762
ENSG00000185527,PDE6G,GSK500KV3lin_M2W_cataract,17,79586227,TA,T,D002386,5148
ENSG00000183248,NA,GSK500KV3lin_M2W_diabetes,19,7976529,T,C,D003920,80164
ENSG00000184113,CLDN5,GSK500KV3lin_M2W_hypertension,22,19960184,C,G,D006973,7122
ENSG00000185966,LCE3E,GSK500KV3lin_M2W_psoriasis,1,152551325,C,T,D011565,353145
ENSG00000185187,SIGIRR,GSK500KV3lin_M2W_uterine_fibroids,11,186604,T,C,D007889,59307
ENSG00000185730,ZNF696,GSK500KV3lin_M2W_duodenal_ulcer,8,143776715,CAA,C,D004381,79943
ENSG00000185962,LCE3A,GSK500KV3lin_M2W_psoriasis,1,152551325,C,T,D011565,353142
ENSG00000186063,AIDA,GSK500KV3lin_M2W_heart_attackmyocardial_infarction,1,222795569,C,G,D009203,64853
ENSG00000187244,BCAM,GSK500KV3lin_M2W_high_cholesterol,19,45413233,G,T,D050171,4059
ENSG00000188266,HYKK,GSK500KV3lin_M2W_emphysemachronic_bronchitis,15,78911181,T,C,D029481,123688
ENSG00000196196,HRCT1,GSK500KV3lin_M2W_hypertension,9,35906471,C,T,D006973,646962
ENSG00000197893,NRAP,GSK500KV3lin_M2W_high_cholesterol,10,114754784,T,C,D050171,4892
ENSG00000187446,CHP1,GSK500KV3lin_M2W_hypertension,15,41459576,T,A,D006973,11261
ENSG00000186635,ARAP1,GSK500KV3lin_M2W_diabetes,11,72470915,GGTTT,G,D003920,116985
ENSG00000188404,SELL,GSK500KV3lin_M2W_sclerodermasystemic_sclerosis,1,169094941,G,GT,D012595,6402
ENSG00000188211,NCR3LG1,GSK500KV3lin_M2W_diabetes,11,17408404,C,T,D003920,374383
ENSG00000189045,ANKDD1B,GSK500KV3lin_M2W_diabetes,5,75003678,T,C,D003920,728780
ENSG00000187079,TEAD1,GSK500KV3lin_M2W_contact_dermatitis,11,13191277,A,G,D003877,7003
ENSG00000186523,FAM86B1,GSK500KV3lin_M2W_bile_duct_disease,8,11516594,T,C,D002769,85002
ENSG00000187244,BCAM,GSK500KV3lin_M2W_hypertension,19,45413233,G,T,D006973,4059
ENSG00000187714,SLC18A3,GSK500KV3lin_M2W_sclerodermasystemic_sclerosis,10,49848858,G,T,D012595,6572
ENSG00000188211,NCR3LG1,GSK500KV3lin_M2W_type_2_diabetes,11,17408404,C,T,D003924,374383
ENSG00000186635,ARAP1,GSK500KV3lin_M2W_type_2_diabetes,11,72470915,GGTTT,G,D003924,116985
ENSG00000196118,C16orf93,GSK500KV3lin_M2W_high_cholesterol,16,30846134,G,A,D050171,90835
ENSG00000196275,GTF2IRD2,GSK500KV3lin_M2W_hypertension,7,74160089,A,G,D006973,84163
ENSG00000197375,SLC22A5,GSK500KV3lin_M2W_nasal_polyps,5,131710399,A,C,D009298,6584
ENSG00000197256,KANK2,GSK500KV3lin_M2W_deep_venous_thrombosis_dvt,19,10741622,A,G,D020246,25959
ENSG00000197728,RPS26,GSK500KV3lin_M2W_hayfeverallergic_rhinitis,12,56455294,C,T,D006255,6231
ENSG00000196428,TSC22D2,GSK500KV3lin_M2W_hypertension,3,150066540,T,A,D006973,9819
ENSG00000196391,ZNF774,GSK500KV3lin_M2W_hayfeverallergic_rhinitis,15,91037534,G,GTATT,D006255,342132
ENSG00000196118,C16orf93,GSK500KV3lin_M2W_nasal_polyps,16,30613095,C,CTATATA,D009298,90835
ENSG00000197893,NRAP,GSK500KV3lin_M2W_type_1_diabetes,10,114758349,C,T,D003922,4892
ENSG00000188897,NA,GSK500KV3lin_M2W_cholelithiasisgall_stones,16,11631896,A,C,D002769,400499
ENSG00000197208,SLC22A4,GSK500KV3lin_M2W_hypertension,5,132444128,G,A,D006973,6583
ENSG00000189067,LITAF,GSK500KV3lin_M2W_cholelithiasisgall_stones,16,11631896,A,C,D002769,9516
ENSG00000187783,TMEM72,GSK500KV3lin_M2W_hypertension,10,45389514,A,ATAT,D006973,643236
ENSG00000197888,UGT2B17,GSK500KV3lin_M2W_high_cholesterol,4,69491284,A,T,D050171,7367
ENSG00000197893,NRAP,GSK500KV3lin_M2W_diabetes,10,114754071,T,C,D003920,4892
ENSG00000197114,ZGPAT,GSK500KV3lin_M2W_asthma,20,62322699,A,G,D001249,84619
ENSG00000188878,FBF1,GSK500KV3lin_M2W_hypertension,17,73953404,T,C,D006973,85302
ENSG00000197893,NRAP,GSK500KV3lin_M2W_type_2_diabetes,10,114758349,C,T,D003924,4892
ENSG00000187553,CYP26C1,GSK500KV3lin_M2W_high_cholesterol,10,94772638,A,C,D050171,340665
ENSG00000197614,MFAP5,GSK500KV3lin_M2W_hypertension,12,8839056,CT,C,D006973,8076
ENSG00000196605,ZNF846,GSK500KV3lin_M2W_glaucoma,19,10168923,G,A,D005901,162993
ENSG00000198121,LPAR1,GSK500KV3lin_M2W_hypertension,9,113147957,C,A,D006973,1902
ENSG00000197712,FAM114A1,GSK500KV3lin_M2W_asthma,4,38811551,G,A,D001249,92689
ENSG00000197457,STMN3,GSK500KV3lin_M2W_asthma,20,62322699,A,G,D001249,50861
ENSG00000197894,ADH5,GSK500KV3lin_M2W_hypertension,4,100239319,T,C,D006973,128
ENSG00000198074,AKR1B10,GSK500KV3lin_M2W_hypertension,7,134143958,G,A,D006973,57016
ENSG00000197548,ATG7,GSK500KV3lin_M2W_hypertension,3,11545719,T,C,D006973,10533
ENSG00000198901,PRC1,GSK500KV3lin_M2W_diabetes,15,91511260,A,G,D003920,9055
ENSG00000197520,FAM177B,GSK500KV3lin_M2W_heart_attackmyocardial_infarction,1,222795569,C,G,D009203,400823
ENSG00000197712,FAM114A1,GSK500KV3lin_M2W_hayfeverallergic_rhinitis,4,38782110,TG,T,D006255,92689
ENSG00000196616,ADH1B,GSK500KV3lin_M2W_hypertension,4,100239319,T,C,D006973,125
ENSG00000204316,MRPL38,GSK500KV3lin_M2W_hypertension,17,73953404,T,C,D006973,64978
ENSG00000197520,FAM177B,GSK500KV3lin_M2W_angina,1,222786032,T,C,D000787,400823
ENSG00000198821,CD247,GSK500KV3lin_M2W_asthma,1,167420299,G,A,D001249,919
ENSG00000204308,RNF5,GSK500KV3lin_M2W_diabetic_nephropathy,6,32626272,C,A,D003928,6048
ENSG00000198924,DCLRE1A,GSK500KV3lin_M2W_cataract,10,115485285,T,C,D002386,9937
ENSG00000213445,SIPA1,GSK500KV3lin_M2W_hypertension,11,65561468,C,T,D006973,6494
ENSG00000197457,STMN3,GSK500KV3lin_M2W_inflammatory_bowel_disease,20,62281505,G,C,D015212,50861
ENSG00000198755,RPL10A,GSK500KV3lin_M2W_asthma,6,35138373,G,A,D001249,4736
ENSG00000204356,NELFE,GSK500KV3lin_M2W_type_2_diabetes,6,32611098,G,T,D003924,7936
ENSG00000198765,SYCP1,GSK500KV3lin_M2W_hypertension,1,115826169,A,T,D006973,6847
ENSG00000214026,MRPL23,GSK500KV3lin_M2W_hypertension,11,1887068,T,G,D006973,6150
ENSG00000205869,KRTAP5-1,GSK500KV3lin_M2W_type_1_diabetes,11,2181060,T,G,D003922,387264
ENSG00000204160,ZDHHC18,GSK500KV3lin_M2W_high_cholesterol,1,26987646,A,G,D050171,84243
ENSG00000198740,ZNF652,GSK500KV3lin_M2W_angina,17,47340297,C,T,D000787,22834
ENSG00000198740,ZNF652,GSK500KV3lin_M2W_asthma,17,47439302,G,A,D001249,22834
ENSG00000204160,ZDHHC18,GSK500KV3lin_M2W_hypertension,1,27173390,A,AT,D006973,84243
ENSG00000203896,LIME1,GSK500KV3lin_M2W_type_2_diabetes,20,62447327,A,G,D003924,54923
ENSG00000197903,HIST1H2BK,GSK500KV3lin_M2W_cataract,6,26999908,G,C,D002386,85236
ENSG00000204950,LRRC10B,GSK500KV3lin_M2W_hypertension,11,61278246,T,C,D006973,390205
ENSG00000198892,SHISA4,GSK500KV3lin_M2W_hypertension,1,201782800,T,TA,D006973,149345
ENSG00000221968,FADS3,GSK500KV3lin_M2W_cholelithiasisgall_stones,11,61592362,A,G,D002769,3995
ENSG00000204296,C6orf10,GSK500KV3lin_M2W_adrenocortical_insufficiencyaddisons_disease,6,31427395,G,C,D000224,10665
ENSG00000204420,C6orf25,GSK500KV3lin_M2W_diabetic_nephropathy,6,32626272,C,A,D003928,80739
ENSG00000205189,ZBTB10,GSK500KV3lin_M2W_hypertension,8,81404008,G,C,D006973,65986
ENSG00000198589,LRBA,GSK500KV3lin_M2W_cholelithiasisgall_stones,4,151199080,G,A,D002769,987
ENSG00000215067,NA,GSK500KV3lin_M2W_uterine_fibroids,17,7571752,T,G,D007889,100506713
ENSG00000204420,C6orf25,GSK500KV3lin_M2W_hypertension,6,31610189,TAAAG,T,D006973,80739
ENSG00000204682,CASC10,GSK500KV3lin_M2W_cholelithiasisgall_stones,10,21878407,C,T,D002769,399726
ENSG00000198933,TBKBP1,GSK500KV3lin_M2W_high_cholesterol,17,45575932,GA,G,D050171,9755
ENSG00000213719,CLIC1,GSK500KV3lin_M2W_diabetic_nephropathy,6,32626272,C,A,D003928,1192
ENSG00000213347,MXD3,GSK500KV3lin_M2W_hypertension,5,176574088,A,G,D006973,83463
ENSG00000204882,GPR20,GSK500KV3lin_M2W_adrenocortical_insufficiencyaddisons_disease,8,143234770,C,T,D000224,2843
ENSG00000221843,C2orf16,GSK500KV3lin_M2W_high_cholesterol,2,27730940,T,C,D050171,84226
ENSG00000205571,SMN2,GSK500KV3lin_M2W_hypertension,5,69138913,A,AT,D006973,6607
ENSG00000213471,TTLL13,GSK500KV3lin_M2W_cholelithiasisgall_stones,15,90347814,G,A,D002769,440307
ENSG00000229453,SPINK8,GSK500KV3lin_M2W_hypertension,3,48182589,T,C,D006973,646424
ENSG00000221843,C2orf16,GSK500KV3lin_M2W_bile_duct_disease,2,27730940,T,C,D002769,84226
ENSG00000227471,AKR1B15,GSK500KV3lin_M2W_hypertension,7,134143958,G,A,D006973,441282
ENSG00000215114,UBXN2B,GSK500KV3lin_M2W_bile_duct_disease,8,59384181,C,T,D002769,137886
ENSG00000258366,RTEL1,GSK500KV3lin_M2W_asthma,20,62322699,A,G,D001249,51750
ENSG00000244165,P2RY11,GSK500KV3lin_M2W_deep_venous_thrombosis_dvt,19,10741622,A,G,D020246,5032
ENSG00000215114,UBXN2B,GSK500KV3lin_M2W_high_cholesterol,8,59311697,A,G,D050171,137886
ENSG00000221843,C2orf16,GSK500KV3lin_M2W_cholelithiasisgall_stones,2,27730940,T,C,D002769,84226
ENSG00000204381,LAYN,GSK500KV3lin_M2W_hypertension,11,111535102,G,A,D006973,143903
ENSG00000221968,FADS3,GSK500KV3lin_M2W_bile_duct_disease,11,61606642,A,G,D002769,3995
ENSG00000228032,C14orf144,GSK500KV3lin_M2W_hypertension,14,103975472,G,T,D006973,145195
ENSG00000221843,C2orf16,GSK500KV3lin_M2W_type_2_diabetes,2,27742603,T,C,D003924,84226
ENSG00000225190,PLEKHM1,GSK500KV3lin_M2W_hypertension,17,43173273,T,C,D006973,9842
ENSG00000215045,GRID2IP,GSK500KV3lin_M2W_osteoarthritis,7,6532167,C,G,D010003,392862
ENSG00000232112,TMA7,GSK500KV3lin_M2W_hypertension,3,48182589,T,C,D006973,51372
ENSG00000243509,TNFRSF6B,GSK500KV3lin_M2W_asthma,20,62322699,A,G,D001249,8771
ENSG00000240230,COX19,GSK500KV3lin_M2W_high_cholesterol,7,1123778,A,G,D050171,90639
ENSG00000221843,C2orf16,GSK500KV3lin_M2W_diabetes,2,27730940,T,C,D003920,84226
ENSG00000243927,MRPS6,GSK500KV3lin_M2W_heart_attackmyocardial_infarction,21,35593827,G,A,D009203,64968
ENSG00000228008,NA,GSK500KV3lin_M2W_osteoarthritis,3,50022049,G,A,D010003,NA
ENSG00000213516,RBMXL1,GSK500KV3lin_M2W_hypertension,1,89332099,T,C,D006973,494115
ENSG00000224689,ZNF812,GSK500KV3lin_M2W_psoriasis,19,10463118,G,C,D011565,729648
ENSG00000244165,P2RY11,GSK500KV3lin_M2W_pulmonary_embolism_dvt,19,10741622,A,G,D011655,5032
ENSG00000267114,NA,GSK500KV3lin_M2W_high_cholesterol,19,45413233,G,T,D050171,NA
ENSG00000243477,NAT6,GSK500KV3lin_M2W_asthma,3,50176259,A,AG,D001249,24142
ENSG00000258053,NA,GSK500KV3lin_M2W_asthma,12,71523199,TAA,T,D001249,NA
ENSG00000242950,ERVW-1,GSK500KV3lin_M2W_hypertension,7,92230162,C,T,D006973,30816
ENSG00000215114,UBXN2B,GSK500KV3lin_M2W_cholelithiasisgall_stones,8,59384181,C,T,D002769,137886
ENSG00000257591,ZNF625,GSK500KV3lin_M2W_hypertension,19,11526765,G,T,D006973,90589
ENSG00000218739,CEBPZ-AS1,GSK500KV3lin_M2W_hypertension,2,37477794,C,A,D006973,100505876
ENSG00000253276,CCDC71L,GSK500KV3lin_M2W_hypertension,7,106412082,G,A,D006973,168455
ENSG00000237441,RGL2,GSK500KV3lin_M2W_diabetic_nephropathy,6,32626272,C,A,D003928,5863
ENSG00000221968,FADS3,GSK500KV3lin_M2W_asthma,11,61575807,CA,C,D001249,3995
ENSG00000244057,LCE3C,GSK500KV3lin_M2W_psoriasis,1,152551325,C,T,D011565,353144
ENSG00000267114,NA,GSK500KV3lin_M2W_angina,19,45413233,G,T,D000787,NA
ENSG00000243927,MRPS6,GSK500KV3lin_M2W_angina,21,35593827,G,A,D000787,64968
ENSG00000268838,NA,GSK500KV3lin_M2W_emphysemachronic_bronchitis,15,78911181,T,C,D029481,NA
ENSG00000254470,AP5B1,GSK500KV3lin_M2W_hypertension,11,65561468,C,T,D006973,91056
ENSG00000267114,NA,GSK500KV3lin_M2W_hypertension,19,45413233,G,T,D006973,NA
ENSG00000268798,NA,GSK500KV3lin_M2W_psoriasis,19,1109907,T,C,D011565,NA
ENSG00000258366,RTEL1,GSK500KV3lin_M2W_eczemadermatitis,20,62381979,C,T,D003876,51750
ENSG00000254470,AP5B1,GSK500KV3lin_M2W_eczemadermatitis,11,65560785,G,A,D003876,91056
ENSG00000267534,S1PR2,GSK500KV3lin_M2W_hypertension,19,10332988,C,T,D006973,9294
ENSG00000257017,HP,GSK500KV3lin_M2W_high_cholesterol,16,72101525,C,G,D050171,3240
ENSG00000268387,NA,GSK500KV3lin_M2W_hayfeverallergic_rhinitis,1,161159147,C,T,D006255,NA
ENSG00000269120,NA,GSK500KV3lin_M2W_hypertension,13,41953014,TTCAC,T,D006973,NA
ENSG00000263053,NA,GSK500KV3lin_M2W_hypertension,17,79375625,A,ACT,D006973,NA
ENSG00000260259,NA,GSK500KV3lin_M2W_hypertension,16,89700881,G,A,D006973,105371416
ENSG00000261701,HPR,GSK500KV3lin_M2W_high_cholesterol,16,72101525,C,G,D050171,3250
ENSG00000258366,RTEL1,GSK500KV3lin_M2W_inflammatory_bowel_disease,20,62281505,G,C,D015212,51750
